date,revenue,facebook_spend,facebook_impressions,facebook_cpm,facebook_revenue,google_spend,google_impressions,google_cpm,google_revenue,tiktok_spend,tiktok_impressions,tiktok_cpm,tiktok_revenue,pinterest_spend,pinterest_impressions,pinterest_cpm,pinterest_revenue,email_spend,email_impressions,email_cpm,email_revenue,is_preflight,promo,new_year_sale,new_year_sale_revenue,summer_sale,summer_sale_revenue,black_friday,black_friday_revenue,seasonality_revenue,total_revenue
2023-11-06,7628.164084948815,6069.010823958361,595947.7286501633,70.9290140077391,27428.532832162342,10567.18962514993,980755.8085907596,75.31907611345935,51721.370002914504,5775.437978197882,955866.7140097031,42.27616895230415,14636.47720218953,3322.5827433607647,634702.1643850193,36.57256028904301,6788.1844692132945,2164.613321042335,889980.846888393,17.017802786927703,16121.870256100408,7,0,0,0.0,0,0.0,0,0.0,357.8350137538438,124682.43386128273
2023-11-13,7835.342726473183,6839.041486764831,656331.0571891769,72.52455310235487,39633.42063262457,11150.015219329736,1028648.1423228162,75.73313813525768,67944.58451081265,5803.864654490015,960212.0682002578,42.28050340763187,19431.729337392477,3332.6799641570838,637443.2984829599,36.57424250683901,10169.210362367681,2059.8706363130186,852842.3197151063,16.888442539291077,17432.961785736785,7,0,0,0.0,0,0.0,0,0.0,726.4314039434989,163173.68075935083
2023-11-20,8535.990516030988,6975.320408204864,666045.2708692253,72.74847726004666,45222.411250323494,11254.687665236792,1037164.4967340024,75.80653279110298,76493.68801257505,5680.373631929022,939748.9264926184,42.274358801508285,18354.808984599033,3140.5933193253322,602087.4746969126,36.46468546801472,12256.343379936614,2151.1014850690653,884951.8691941593,16.99967915458402,17080.486221206313,7,0,0,0.0,0,0.0,0,0.0,1073.812520089154,179017.54088476064
2023-11-27,8751.231946052132,7325.278938466939,692827.3838762344,73.41892298223989,50356.40812797096,10808.234923215217,1000576.6358022497,75.49068657451289,81523.69495131726,5898.468397658598,975946.8252240237,42.285158642989785,18891.489934735127,3387.544094114258,646918.276252396,36.609053543225095,13526.554101201375,2050.2757071961137,850035.8467246203,16.879628566770755,17410.59678967689,7,0,0,0.0,0,0.0,0,0.0,1273.224774858457,191733.2006258122
2023-12-04,8990.930935698638,6696.207938605556,645858.6567910486,72.26616304157493,52607.582067550014,11850.660919058515,1085371.558384595,76.23398564823233,83130.21767481623,5825.352300904837,963741.3510099477,42.28256726631843,19368.572681462123,3263.8343366582994,624045.8175426071,36.538860372396876,14388.728125220958,2105.696856578786,869174.3607103629,16.945376034428126,17360.133739462955,7,0,0,0.0,0,0.0,0,0.0,1380.358293210633,197226.52351742156
2023-12-11,9409.66484021289,5943.723279721434,586626.9907710266,70.69247244334952,50403.18489621308,10203.569889781596,949696.3301150263,75.07313412448828,81247.68186534574,4768.429419087154,790449.9619341339,42.211894708453684,17533.416330571632,3523.576618798208,671193.4399629248,36.69032760722097,15219.868261623295,2033.8909170735037,844037.1150455788,16.858419027091234,16878.41302851053,7,0,0,0.0,0,0.0,0,0.0,1430.9697336657932,192123.19895614297
2023-12-18,9374.592476386697,7931.371303250549,738671.1139037923,74.62732959490353,52835.95609579414,10469.336077986465,973029.6611462182,75.24569737379898,77292.23310658585,5677.589317839849,940044.6671266173,42.268123841301794,18070.848673425327,3241.3018413820746,621147.5146561589,36.519433522272415,15489.333510661461,2064.5604022173034,854742.7457778839,16.895465431883007,17068.813916825253,7,0,0,0.0,0,0.0,0,0.0,1352.8959558952167,191484.67373557395
2023-12-25,9535.1303772665,7411.648205113708,698388.4153005355,73.54893838926685,53609.696739907275,10931.720079597046,1010625.3222696971,75.5792615503652,80205.92905156098,4987.39148348531,826582.9658689421,42.224536305006,17186.42692445727,3304.651375377825,631958.7923965843,36.560015128878504,15576.453474281503,2030.9487853789835,842470.6214515291,16.852093086276685,16996.593320861393,7,0,0,0.0,0,0.0,0,0.0,1273.9927201169273,194384.22260845185
2024-01-01,9633.119546719738,6765.40838779176,647616.4743054474,72.20038910332444,62065.0992031979,10496.908143613484,975610.6452448862,75.26233883017166,86511.03046074552,6047.003039740875,1000620.132376333,42.29264817379974,20615.876293940495,3599.7568001252894,684371.8439857147,36.737772457412774,17179.953411124567,2180.428982615963,895074.7967900475,17.03457822608405,19106.21249603078,0,7,7,20282.91315825568,0,0.0,0,0.0,1192.0235801505723,236586.22815016523
2024-01-08,9533.74694315681,7429.333412247116,702598.3558775231,73.74705129845827,54470.75634429051,9799.737487454186,916852.1576307646,74.78114903732376,76030.14234093974,4894.099250387974,810953.7585687629,42.22087652779917,17810.594400980226,3886.3750962913546,736675.6292808227,36.903080389553786,16875.95039519942,2116.6088053174462,872182.4905936916,16.95445182161065,17887.756544936987,0,0,0,0.0,0,0.0,0,0.0,1117.9543610813864,193726.90133058507
2024-01-15,9687.042836505052,7431.888895744112,702752.5256247581,73.7499734039354,54637.603741662504,11604.51264818049,1065006.6151982073,76.05960948965435,80073.24418774109,5665.9519087865065,938202.7722338631,42.26690557645277,17746.858201317347,3522.8620599725955,671556.2195480333,36.68712264458313,16972.81537287668,2148.2015891202545,884166.1084724416,16.99751137859402,17540.222193821428,0,0,0,0.0,0,0.0,0,0.0,1119.2881444061888,197777.07467833027
2024-01-22,9932.044275436512,7687.576571909708,721731.4517063557,74.22203126331345,56042.53111497257,10644.180070191396,986874.6362682093,75.37688711533418,79364.8879198718,5835.591823759173,966090.5065449418,42.27755623212166,18741.643809070705,3516.114830962585,670627.6454673442,36.68184650209254,16898.168726143223,2034.2843960960968,843836.1867319153,16.857122712571865,17138.05881264602,0,0,0,0.0,0,0.0,0,0.0,1169.8342993288693,199287.1689574697
2024-01-29,10189.086263295512,6744.01203616409,649545.3137606168,72.36442999783465,54486.473965732395,10735.642682686725,994175.5513003895,75.44187126297945,80338.12308095957,5725.625818110919,947776.0743227241,42.27233727336959,19138.887031488848,3385.8816296967516,645681.7871703214,36.61217759486125,16650.490949828003,2021.1087194831857,839680.4878632232,16.843509615128735,16827.48409644424,0,0,0,0.0,0,0.0,0,0.0,1239.6312784287406,198870.17666617729
2024-02-05,10380.33431916275,7826.9541292519125,730941.0746690143,74.41326128689313,55280.87664719237,10658.67532175395,989158.0657333435,75.37520952982885,79296.93207531053,4760.371756366455,789048.0054061271,42.21196799231814,17186.06659886212,3938.1401715163693,745280.5956781314,36.9366856873023,16889.511638681382,2098.7932922335585,866888.4119682517,16.937745978211105,17165.481186512287,0,0,0,0.0,0,0.0,0,0.0,1286.6715600996406,197485.87402582107
2024-02-12,10472.676615530094,7347.76048211803,697661.3402942718,73.65581741035074,56585.648225891,11619.953100093577,1068502.470092606,76.05498560151322,81681.66324480723,5503.596897650377,911327.611343342,42.257948065150856,17845.271926626734,3350.4581868392843,640769.2001634572,36.5841611200584,17095.81237322853,2123.3628502068127,875355.2191617121,16.96684469764517,17475.213755265384,0,0,0,0.0,0,0.0,0,0.0,1272.31455598801,202428.60069733698
2024-02-19,10794.029409855058,7120.9393289346035,678189.2407119693,73.08989814305221,56194.59802823354,10453.483691478206,971676.444175296,75.23504713119344,80929.97206819634,5430.150100258295,899205.7243370059,42.253646525937654,17866.171472928032,3537.9580688850265,673450.2664591867,36.70040591813116,16898.640877962633,2113.2242087014465,871756.4214458653,16.954262862391055,17269.675054144558,0,0,0,0.0,0,0.0,0,0.0,1207.386875221244,201160.4737865414
2024-02-26,10414.84207977073,7343.038045245615,693379.5753139693,73.41524044451539,55918.80398934221,10777.842606453552,997416.9569037757,75.47404633633052,78786.89074379537,5151.942447331006,853519.1259896832,42.23591196071649,16714.991125236233,3883.5679299562225,735198.13761523,36.904966339054376,17494.557696592656,2099.5542459945323,867327.6896078952,16.939584332029753,17502.83884329076,0,0,0,0.0,0,0.0,0,0.0,974.2544967213421,197807.17897474932
2024-03-04,10297.355808532922,6436.831348103783,627085.3282093016,71.80111794281716,53309.257210651616,10754.264743700347,994771.5848391163,75.46558992561671,79441.682304506,5923.308585597834,980302.0584133866,42.2847736601209,18431.440904144758,3626.2417267831074,689917.9093571288,36.74915145553172,17228.72440871036,2042.4607673326288,846067.3366518432,16.863887995677366,16989.188723278137,0,0,0,0.0,0,0.0,0,0.0,691.27289627237,196388.92225609618
2024-03-11,10263.665277945624,6792.02263673043,649267.7148795411,72.2839172833128,51863.79463588985,10285.643503033743,956995.5085345212,75.1269223773912,78830.3881079332,5985.3257768351705,990486.0345316414,42.28859108340724,19607.114240125105,3713.9365701931574,705340.9998139619,36.80256744716117,17473.62579501918,2091.855879370436,862597.3957189602,16.919986939746508,16988.599450145277,0,0,0,0.0,0,0.0,0,0.0,351.9936867598708,195379.18119381808
2024-03-18,9981.929870267966,7630.06540696953,718971.3852439584,74.19992730210961,54208.176865283844,10954.117859745207,1013251.2628227433,75.58599362928658,80842.57425690113,4602.815329285847,762941.432635851,42.20487891476232,17213.755278305904,3334.781459841042,636813.293205006,36.58000708661601,17161.578958551458,1940.315498097238,810534.7611254079,16.741149108430974,16864.00214767471,0,0,0,0.0,0,0.0,0,0.0,-9.908091028411818,196262.1092859566
2024-03-25,9764.71908816916,6680.855874830537,643384.452365111,72.18599033359423,53422.22434761335,9646.73131896656,903704.1298073062,74.67812946757194,76995.8800855298,5009.360637827419,830043.0366797998,42.22756206727006,16493.329779046286,3542.4460577540285,672860.4676224279,36.71270729560155,16768.94041420053,1964.520829439662,818355.4751571096,16.76738560787827,16355.033095618362,0,0,0,0.0,0,0.0,0,0.0,-324.171773192499,189475.955036985
2024-04-01,9720.81378049466,6841.715003237979,658768.7775182532,72.64174787012489,52897.230275743255,10701.473360826163,991214.4791787872,75.41822468080221,75074.37400148112,5433.677204512647,899872.2965704007,42.25336911318782,17532.526825495897,3773.9780415852106,716735.8561144816,36.83540680273979,17134.24097457548,2274.0604871745,927220.977005475,17.144455678020545,17850.738163727696,0,0,0,0.0,0,0.0,0,0.0,-541.1012221777614,189668.82279934036
2024-04-08,9702.193052232531,6690.871934153842,644815.0452444248,72.23161612868667,53250.33884034086,9596.519407477474,897601.1888985633,74.66560977102536,75458.72330090823,5695.981125848885,942882.2358356608,42.27046894509027,18260.228332418126,3347.9688899320486,639429.0347368213,36.58693948874338,16777.149538030688,2144.33248564486,882382.0901163414,16.99051685858293,17928.245013588257,0,0,0,0.0,0,0.0,0,0.0,-621.0166406448351,190755.86143687385
2024-04-15,9945.774416123246,6032.51755658316,591254.8395542415,70.77193149945008,49909.282241808745,10844.881893602738,1003477.9061338697,75.51687480661256,77150.91259842634,5334.203711787866,883830.5889923205,42.24457485849468,18178.543336528794,3781.8834053649207,718062.2815922156,36.84048509446408,17128.367719737576,2119.3276883232393,874062.6197198039,16.96259824664211,17351.408397180883,0,0,0,0.0,0,0.0,0,0.0,-567.8104223167386,189096.47828748883
2024-04-22,10246.993142556656,7109.480805142482,677736.1047802093,73.09383992838316,50913.49916132755,10773.684466586896,993434.0127245757,75.50539529631615,79732.5091672616,4804.764121753323,796028.135722364,42.21726057228109,16519.392547615258,3414.421170073799,651809.5005842841,36.624324101483516,17114.033302722808,2151.150149819408,885044.4957746048,17.000225321251044,17707.95278350587,0,0,0,0.0,0,0.0,0,0.0,-391.4248810556641,191842.95522393408
2024-04-29,10706.556183551562,7058.303263008447,673640.9591157807,72.9799767458764,52980.17857650545,9941.915186707503,928449.8550057618,74.88348513795155,75876.57642140482,5799.989284307493,959713.011523852,42.278749162446545,17985.58022473864,3410.5504430968867,651658.9280542681,36.61924673556823,16773.94643490435,2250.8494968829173,919762.6909543372,17.1200930681212,18228.672157584224,0,0,0,0.0,0,0.0,0,0.0,-142.02803596992302,192409.48196271912
2024-05-06,11096.622167416146,6599.331127216337,637154.0470872872,72.00347100064556,52281.49936321589,10520.026628942744,975188.2357425138,75.30138210999729,76126.68847872005,6002.655909596089,993458.9942450059,42.288846083029874,19323.559817485213,3699.6555844400427,701949.667053479,36.79805262668135,16630.677448151106,2130.8091024684422,878367.7772316221,16.978011941269756,17697.14777660088,0,0,0,0.0,0,0.0,0,0.0,122.0456053431287,193278.2406569324
2024-05-13,11385.209983244722,7117.6429936674385,677375.0054617024,73.0776296468247,52042.2244982877,11297.03897393759,1041225.2598739667,75.8315632229585,80693.19306532902,5754.1825870503235,952394.7707998463,42.27468820908904,19253.234861327954,3350.7622585747645,638069.3238112195,36.598181196344655,16543.388310465656,2078.078415353247,859336.7975743444,16.91112478583524,17307.776332015066,0,0,0,0.0,0,0.0,0,0.0,327.91635340422147,197552.94340407435
2024-05-20,11907.157904867552,7168.729326022371,682151.0485631075,73.20699569456683,54238.746446535835,11292.296313673805,1040931.811417644,75.82581284574323,81930.02903936761,5466.766089379292,904344.0296888853,42.26304077883905,18229.262124435358,3402.7169824129487,649806.3873349134,36.61675048268549,16510.568583076754,2057.068924537299,852053.7526599246,16.88609275679609,17218.174948179367,0,0,0,0.0,0,0.0,0,0.0,431.7373786784959,200465.67642514096
2024-05-27,11758.539812340321,6856.381329780265,660024.559699526,72.67779303490062,53838.80368128454,10695.407167517664,990832.3775348148,75.41610577804465,80251.88795703404,6100.54369549066,1008805.0783568722,42.29967858323987,20299.668228737533,3679.54314712772,699231.0334980566,36.782139512390316,16610.522825442116,2003.661942558877,833423.1280620287,16.82161156924755,16848.683670702194,0,0,0,0.0,0,0.0,0,0.0,366.2822593462234,199974.38843488696
2024-06-03,12626.26411058301,6701.164790990357,647097.97739337,72.32014960656898,53420.0094972609,11934.79579202467,1093876.105322248,76.28233417172143,84149.6104555453,5995.02152179115,991659.1938922163,42.29218531161307,19128.108629313727,3317.0293935631253,634253.682847727,36.566832693962795,16705.543176400137,2061.1077090550443,853456.8480112418,16.890826087607426,16820.772139465902,0,0,0,0.0,0,0.0,0,0.0,163.4833911061114,203013.79139967507
2024-06-10,13554.06618023793,7328.222288932873,694448.137915859,73.5291990478102,53424.2400517809,10352.510599827665,962846.0295276048,75.16987717393906,82034.9914481502,5422.509558306803,897615.5869622725,42.2557140750462,18920.852216126754,3238.0624611924263,620161.66745653,36.51964229206742,16457.440229307216,2021.559049973117,839744.4634959856,16.843567279707194,16964.901977109897,0,0,0,0.0,0,0.0,0,0.0,-232.35952622494855,201124.13257648796
2024-06-17,14388.466368780322,7104.564034996464,676021.0486211652,73.01680607791599,53833.436066966045,10435.943274417816,968602.3413762933,75.24387842984711,78052.23504908656,5217.142808466774,864493.1636883152,42.238035550780694,18301.035171439908,3652.063113698898,694480.5950208056,36.76465446081751,16469.951018155552,2122.449883140116,874279.4984930459,16.96178368547406,17123.921290685714,0,0,0,0.0,0,0.0,0,0.0,-802.2640747456367,197366.78089036848
2024-06-24,14983.910680215764,6583.764882972655,637096.5102719802,72.03878100833471,52484.19508709018,10384.205376315032,965859.8570169427,75.18722264216343,78823.32056309991,5617.8957806888975,929985.5252162825,42.2663600599689,17192.02215767667,3456.6736250023077,659373.5890240526,36.649299075055836,16686.06679719552,2065.6065018603113,853500.8185256551,16.88822121265514,17167.20508126126,0,0,0,0.0,0,0.0,0,0.0,-1477.8847578525153,195858.8356086868
2024-07-01,15558.635666581327,5947.5174341502,556545.6698616839,74.61533354888039,53489.481600502346,10657.516962405798,988179.5700350853,75.38302925308922,83827.45150641513,5697.330187111416,943364.867402636,42.26889982242209,19911.07383613701,3656.0997784802857,695066.4886371546,36.76787986934893,17764.47368126013,2153.7273269854722,885578.6736240836,17.00140241829604,19139.225449822883,0,7,0,0.0,7,12155.378277210682,0,0.0,-2163.723977305171,219681.99604062436
2024-07-08,16610.487615657286,6793.654407534412,628527.8453934395,75.53476439512801,49504.25304196386,10568.736511562733,978479.5643630293,75.34535430509388,89248.10189339283,4369.422998296484,724248.4653667259,42.192581842731634,17549.41864872734,3768.362911640085,714840.497500367,36.836171384104084,19573.824828984823,2091.986750194674,864464.9796903485,16.929269988187773,19898.460887573015,0,7,0,0.0,7,18887.287209154223,0,0.0,-2838.622984151098,228433.21114130225
2024-07-15,17339.374912418956,6224.794442186161,577837.8041475383,74.95568605270834,48482.27029802676,10251.292477338633,955500.6742328128,75.08654028805647,78308.78161933755,6280.9092465354715,1038609.4444100335,42.31018686595422,18183.35024159812,3018.287175712279,578919.0984666251,36.39938673046179,16543.48763630796,2066.953712446481,854731.4152761496,16.894016588075477,17518.381590008717,0,0,0,0.0,0,0.0,0,0.0,-3294.104849858736,193081.54144783932
2024-07-22,18249.599338157626,7281.671778431411,667456.9261376968,76.10171107588872,49419.61017873933,10731.308116670993,995440.2027148635,75.42343598370793,78268.15134738284,4567.439003959198,756755.2839200464,42.20666447852076,18601.1180764914,3728.503808854995,708003.506632964,36.810736919747576,16402.234689681023,2107.958113368204,869695.1709320748,16.9467861477552,16909.444729547067,0,0,0,0.0,0,0.0,0,0.0,-3578.9049089694636,194271.25345102983
2024-07-29,19487.227205702235,7476.44159689026,685464.8007390199,76.29686632167629,51998.47962528182,9596.065982469137,899373.9047787392,74.6437569065147,76432.51510897378,6505.924917763125,1075107.64739745,42.327559756644064,18666.354848385603,3417.9442636023537,653075.6007230825,36.62320952880145,16546.128119250276,2141.030357295586,880354.8548645971,16.98188615951726,17479.64267215401,0,0,0,0.0,0,0.0,0,0.0,-3756.04452144225,196854.30305830546
2024-08-05,20906.737214503722,6064.448600496759,564336.6150228041,74.78140119362934,50878.63399689584,10864.78779035167,1004113.2036766943,75.54031341180782,76876.75039642098,5255.537788103919,870489.4993978357,42.242814351780424,18229.298815883194,3626.649389075993,690567.441066289,36.746842861819026,16740.636086513216,2060.2234216670886,851168.9830850121,16.880189170273614,17340.53695575577,0,0,0,0.0,0,0.0,0,0.0,-3882.2636267649305,197090.3298392078
2024-08-12,22213.75424144841,6285.690199627071,584327.0037246684,75.0098039526925,48804.62503901369,10878.955585973443,1007130.7591647615,75.53227512077828,79129.23712671931,5868.716416651871,971117.0636555225,42.28262168234309,19616.737836622357,3545.4547203827087,674978.576410009,36.70320174799902,16716.36012485314,2210.6617390317924,906012.1644599672,17.07314178656741,17931.2457070309,0,0,0,0.0,0,0.0,0,0.0,-4019.8133069599094,200392.1467687279
2024-08-19,23327.57580850592,6660.180302860654,616590.9088195902,75.39959005432436,47533.82883446685,9249.605182719817,867687.6767644344,74.4354232995423,74938.03221322359,5255.1861249448,870714.6139387183,42.24054671578328,17838.6843473764,3061.007227146012,587629.8295904738,36.4187845739219,16563.185274992287,2009.9101440619042,835086.4689821887,16.826499350856746,17153.91672268138,0,0,0,0.0,0,0.0,0,0.0,-4266.641126914529,193088.58207433188
2024-08-26,24320.128502510175,7172.387207529877,658175.9877977507,75.98171812207818,48592.07010016969,10467.103600756669,971777.4547746606,75.25531017253512,75665.63255241569,4906.40643058458,800245.9600110851,43.205096983129046,16938.883412480278,3437.2630953724574,655141.0732296417,36.641819321640405,16078.468060990857,2078.88748988845,859366.9669410546,16.91074551326071,16727.941291065523,0,0,0,0.0,0,0.0,0,0.0,-4705.152495061848,193617.97142457037
2024-09-02,24906.98823416922,6663.174754449963,617845.8940104258,75.38523056313238,50701.322174467066,10095.525404277243,939157.8176167932,75.01580173045399,75780.19477576695,4660.517722685195,664751.6274083797,49.07124667578165,18443.80735660925,3268.197530699847,625303.9071002742,36.53884825858721,16023.39455908109,2211.760101214429,906389.7893320299,17.074444102177416,18021.77693699379,0,0,0,0.0,0,0.0,0,0.0,-5272.552284194611,198604.93175289273
2024-09-09,25654.003762147047,7181.337784015918,659331.010090531,75.98663867135355,51095.00172517815,10864.58157056463,1005720.2412883772,75.52392368170172,77504.89227468852,5771.459439960314,822467.3238058838,49.10317537936577,22962.81849340108,2950.9181738354478,567115.3359683965,36.35847418108598,15749.556592703939,2148.7547362617747,884237.9458877684,16.997561437500885,17638.15120826744,0,0,0,0.0,0,0.0,0,0.0,-5987.154139813654,204617.26991657252
2024-09-16,26206.140126941358,6547.391575548554,606560.0878148323,75.28611775747305,50501.74227280097,10249.614355335256,954855.9973504588,75.09057093670715,77688.74115441144,4302.421499360284,613723.917202543,49.06390469886704,19567.168675207184,3223.260692336349,616905.9650932658,36.51464368386995,15117.330012357059,2079.290650484392,859723.6903032657,16.912358423637013,17656.1476285472,0,0,0,0.0,0,0.0,0,0.0,-6582.2268822205515,200155.04298804465
2024-09-23,26970.349537245565,6967.083314833693,641114.7327313181,75.7525378648859,50384.473306263535,10533.406916123422,976017.5052947357,75.31369746228488,77010.97420427739,5697.120432723223,812121.6395425278,49.09818303666359,22690.109128023945,2936.384871812459,565184.5481272489,36.345004711284396,15015.620776284413,2162.5354414015023,889390.0720106573,17.016018430510407,17585.760250051364,0,0,0,0.0,0,0.0,0,0.0,-6921.867966938902,202735.41923520732
2024-09-30,27937.752467456907,7369.608952664677,675949.8743050452,76.1853205491156,52107.82422829955,9688.32267519025,903974.9828659614,74.73996091354869,75750.04064517803,4746.627421822102,677006.788859596,49.07328677618222,21755.162576552502,3230.357880585083,542285.7466766764,41.91237200764386,15082.405148536232,2076.256773148037,858714.8961537086,16.90902958316504,17167.997989963496,0,0,0,0.0,0,0.0,0,0.0,-6774.028527348319,203027.1545286384
2024-10-07,29479.034040522078,7431.022436880993,677586.7642158159,76.29976836926063,52086.88643539522,11786.098434096817,1082597.9836342037,76.16865355401484,78993.37075158292,5496.570147538622,783696.0046118314,49.091930073954074,22301.706697403537,3584.3581331426367,585102.0516089372,42.877471850687925,15701.822224176905,2141.5614462582366,881719.6591756028,16.988853332918353,17659.423945363797,0,0,0,0.0,0,0.0,0,0.0,-6072.087227747378,210150.15686669707
2024-10-14,31657.14255453464,7169.878224349926,658119.5577711113,75.98148729648784,52737.81686631683,11369.503428174348,1045100.9709331505,75.90154902330151,83075.58807544407,4949.553834055708,705904.0328412649,49.077929074577156,21630.78733667604,3774.831336487802,615167.7317878564,42.94287141111549,16660.542150804264,2107.97114940875,869821.8463374128,16.947524760959247,17505.802365156054,0,0,0,0.0,0,0.0,0,0.0,-4785.265195588411,218482.41415334347
2024-10-21,34145.22765626495,7249.544252414975,665574.7075398159,76.0568023534603,53486.602404073376,10402.9557008609,966267.40522526,75.21218981614837,80813.10822452017,5826.092896534317,830349.3513115454,49.102896943951635,23751.87297345518,3288.095178034691,537681.9929737184,42.7829424249318,16752.988828662255,2119.3872896546573,873184.2737810924,16.958053000233207,17215.11067065067,0,0,0,0.0,0,0.0,0,0.0,-2942.8370777272453,223222.07367989936
2024-10-28,36927.08659245934,6554.804301783666,608473.1142117084,75.26774868161495,51709.205959346684,10245.579215221056,838894.3354283096,88.90692252462317,76958.33367283655,5910.749863374214,842573.4986238052,49.10283827043575,24957.629667226447,3857.2585564545707,628088.5347393607,42.97212645999166,17288.668306801177,2111.417836809134,870467.5621384992,16.94854029874225,17508.142109314518,0,0,0,0.0,0,0.0,0,0.0,-744.7982865551397,224604.26802142957
2024-11-04,40407.59029125005,5952.730642630057,556454.7007992242,74.63270901553594,49543.28751752523,11225.191163793997,731352.6398289404,107.33248144366354,65216.76219461494,6028.482431964142,859288.217717713,49.10621884572045,25590.393357903,3610.9886643589516,588510.884247212,42.895343250375426,17508.27150461245,2293.2794335981794,933644.1257392645,17.166091166851967,18244.17514279773,0,0,0,0.0,0,0.0,0,0.0,1575.1013855922272,218085.58139429562
2024-11-11,43378.610465601996,7558.793283142589,690541.7905025376,76.41119687403068,51042.58210887378,10600.413377876723,692649.9097490084,107.09723901649477,59206.10387027593,4767.431422367212,679880.9605120112,49.07533793917827,22207.49221366035,3626.4920559115494,591116.2346409496,42.89865308098705,17524.915608549796,2082.5865903020517,809442.074844675,18.108800989069135,16468.5310233577,0,0,0,0.0,0,0.0,0,0.0,3776.7915895372153,213605.02687985677
2024-11-18,46331.659523601345,7292.049722586242,669213.3779426143,76.10077062991613,51614.27132416437,10394.034772953397,679554.9982208364,107.03169494661303,56981.53422694166,5765.771487651391,821970.1899110546,49.09892508535315,24068.151709347476,3369.5072992270616,550912.4879988556,42.8065454223328,17450.17539707649,2024.7962990343235,721383.8556620034,19.63135926137856,11718.30431984842,0,0,0,0.0,0,0.0,0,0.0,5644.23572962429,213808.33223060408
2024-11-25,48420.878531368515,6811.055621998056,629840.8493351145,75.55420879770972,71413.36406685883,10567.054672558948,690650.613594705,107.08202979152821,76245.62113613122,7053.619731837873,1004723.4092945227,49.13701320936608,34713.24705942443,2895.618588921975,474838.1468988778,42.65869022823668,20954.61533869514,2018.839063927866,719439.0963397657,19.62472869250742,13962.990979935694,0,7,0,0.0,0,0.0,7,55356.81389154183,6944.557575561423,328012.0885795171
2024-12-02,50062.38130253345,6162.730735624822,575068.967160666,74.84373065488178,53069.818281153915,10471.371725742089,684032.392647518,107.07132458469337,57164.945008649636,6094.517999367573,868630.4346169117,49.10865329561971,27775.539417322685,3312.5814280975837,541745.7359816264,42.78908861997542,17070.915823787902,2084.4365172568873,740423.9210266159,19.69788107704272,11222.516391005185,0,1,0,0.0,0,0.0,1,8166.254842118246,7660.087938946758,232192.4590055178
2024-12-09,51319.74354861966,6293.400431295198,586258.6706370657,74.98510768976449,47809.90050382121,10344.310998839099,675973.9887948864,107.03111043920057,53721.93547639388,4945.9962924522715,705384.6317052481,49.07807251607989,23163.301446536447,3477.4531767014955,567464.9726339153,42.849269510523655,16168.707238890973,2132.4572497567337,754170.157513186,19.748525916610284,11141.787058335838,0,0,0,0.0,0,0.0,0,0.0,7840.023689553497,211165.39896215152
2024-12-16,52206.98265541579,7039.6976444233205,648295.8062085785,75.81872411706773,48723.7045776178,10680.825158680851,697190.6732435582,107.14378347264763,56293.70496663755,5335.672246737757,760719.6184166247,49.089230472978926,22701.955501173954,3549.6749224809105,579246.5002764064,42.86972909943739,16609.411710743523,2003.5839880404967,714906.9334621865,19.608244008572033,11082.095993469258,0,0,0,0.0,0,0.0,0,0.0,7603.570017632631,215221.42542269052
2024-12-23,52045.47756564983,7230.382304611912,664313.7968364328,76.03102734824097,50548.03027930509,10072.34497578421,658825.2671293332,106.94173482927967,54713.17852220136,5221.123674400278,744535.5389162216,49.08463376337733,22505.03599821971,3591.2741096779846,585383.1739255368,42.88966847250335,17000.657975079972,2036.6134448701023,725347.7820931432,19.644900188832242,10768.536602588712,0,0,0,0.0,0,0.0,0,0.0,7035.121155259271,214616.03809830395
2024-12-30,52403.81192922053,6721.015769157684,558366.5703535869,84.2907014900659,57905.749426757604,10636.679109329489,694842.3392928122,107.11271250860807,60804.1049432623,6158.950557323161,877739.6384210222,49.1109060801846,24902.543845114724,3453.7929192441065,563869.4931590203,42.83980540920871,19478.98574293319,1956.4130737780463,699697.0735840551,19.555540898120878,11382.912143811722,0,5,5,16450.92212659755,0,0.0,0,0.0,6547.326500837122,249876.35665853473
2025-01-06,53262.26988794463,7583.713890680357,599345.9341431095,88.43711049165782,52469.44872981867,10425.07256925069,681295.3473640075,107.05087882606159,55441.24312621933,5591.0310074835725,797025.5984157769,49.09567832718459,26072.145829154695,3398.613667704741,555470.4631083127,42.81698788357677,17472.946254578022,2158.4977132605695,763308.1357957026,19.77913847086164,11144.27701617514,0,2,2,4842.358289320665,0,0.0,0,0.0,6279.738414104137,226984.4275473153
2025-01-13,53783.02200438264,7123.074291941408,565565.3032370519,88.10195688257957,51563.30702365038,10966.193170886847,715011.2424510124,107.24314459659955,55885.299965834325,4102.354656498564,585300.748531797,49.05821609170666,20584.461324249576,3824.172888783543,622836.5197002435,42.96114949706064,17419.888463735097,2164.9229151867403,765486.4154984253,19.786545933452057,11491.259291646065,0,0,0,0.0,0,0.0,0,0.0,6212.338030651133,216939.5761041492
2025-01-20,52993.73174148928,7553.369720613724,597260.5664224885,88.41375698324082,51598.73780314056,11339.68317211863,738810.1031487033,107.35957402062802,57176.18192347523,5598.344379865405,798066.1683865589,49.09611868252496,22531.002703447353,3636.089130821841,593103.5784186047,42.89694655749205,17563.205079121195,2068.6016270015134,734244.1517554341,19.678359938023586,11120.345812877937,0,0,0,0.0,0,0.0,0,0.0,6216.64039656767,219199.84546011922
2025-01-27,52766.24976469822,6862.940944991261,545700.581303241,87.92266246967384,51972.71039923645,10061.682609076777,658132.8546221089,106.93778438867182,56545.00785975682,6515.7785038945485,928396.7069582697,49.12123934793073,25672.52924294682,3223.867355938079,527147.8807452449,42.765237379843086,17118.243387105867,2135.547399790023,755727.9811591484,19.75314452050111,11281.485299353319,0,0,0,0.0,0,0.0,0,0.0,6391.558789265827,221747.78474236332
2025-02-03,52215.1468790388,7203.951457572461,570931.5085517737,88.16742719409054,51763.68863648568,9760.269972332615,638495.0548634202,106.86382347851462,52887.64231486809,5293.409378027099,754856.87647968,49.08591396254691,24125.96206182986,3688.280231560316,601415.9269740921,42.914084979447765,17294.874909349892,1937.562151323898,693595.3567394534,19.534412975418302,10566.474532708015,0,0,0,0.0,0,0.0,0,0.0,6466.7421710687595,215320.5315053491
2025-02-10,51474.25151611598,8183.84858275887,643260.7472158498,88.87386273513918,53041.60393714105,11708.53124234814,761862.4572999296,107.48985581905379,56256.729440535564,6006.182746586814,855922.6405954445,49.108138884614874,24183.43706451071,3536.101599565793,577409.8058510047,42.86169117368908,17405.179705267066,2231.1976583770743,785430.0595685139,19.858281976734357,11580.688042143953,0,0,0,0.0,0,0.0,0,0.0,6293.518538979393,220235.4082446937
2025-02-17,50011.91632502462,6560.593438121898,522943.01951440744,87.70990424152424,51703.982733025776,10796.060017337457,705016.6849572082,107.1613731046039,56501.9958224697,5595.001208923949,797734.0936734584,49.093845917049215,24576.632793689867,3525.206140576859,575500.3305438994,42.86000764171754,17304.993192332167,1987.4450613681279,709684.8676939091,19.59014149606759,10818.669073702948,0,0,0,0.0,0,0.0,0,0.0,5689.626305766719,216607.8162460118
2025-02-24,48844.20041708452,7904.047821180194,623622.7157017919,88.66143878902956,52757.19107558595,11605.654930890474,755816.1287626157,107.44140800918794,57885.6656103656,5565.466412250871,793468.7796989415,49.094049661501394,24553.084365840605,3570.1177857991192,582459.6976331973,42.87694514568806,17308.336379255885,2098.930029596036,744722.8177432446,19.713463771045724,11017.09948679613,0,0,0,0.0,0,0.0,0,0.0,4732.248487750401,217097.8258226791
2025-03-03,46610.62753816124,6895.749665129582,546926.4882726613,87.96827929766162,52209.21389952008,10162.090000411974,664520.1561430686,106.96977895111743,57124.87510711301,5692.516915141518,811303.1709259556,49.10054238756386,24443.916284308863,3470.208027039883,566850.0863648006,42.84071462148593,17403.10349899211,2105.5395603261773,746973.6306972653,19.721097937567773,11237.550954468197,0,0,0,0.0,0,0.0,0,0.0,3334.104047399669,212363.39132996317
2025-03-10,44393.51906305267,6894.793451025902,547592.980704134,87.9532794827327,50073.097797881936,9812.389490622198,642358.5505608721,106.85823405861848,53818.23421632098,6549.113278861425,933240.2607459235,49.12081256220368,26371.89038236708,3299.847207136165,539599.8430176403,42.786444020509606,17115.7235385484,2212.69100023454,780007.4840635965,19.838668843563923,11416.388521632089,0,0,0,0.0,0,0.0,0,0.0,1746.1332584514994,204934.98677825465
2025-03-17,42722.826748032036,6404.916995023163,511439.6202673472,87.59703065615857,49026.154031505495,9959.186800819252,651440.3254793809,106.9128076730938,51772.03007425692,5314.346415636998,757698.5580678048,49.088390117686075,24550.349666413425,3238.3918449518424,529110.6993983992,42.77564638058499,16543.16083047535,2000.8469845049294,713981.2946635681,19.605099867245396,11103.85416526179,0,0,0,0.0,0,0.0,0,0.0,172.65863768102156,195891.03415362604
2025-03-24,40195.40441622825,7473.992771374049,591544.4485099574,88.35464951418219,49813.8336577373,10197.72241716238,666305.575159054,106.99899805082491,52318.25624325283,5750.686284738951,819687.503093458,49.10032782698003,23861.019521450897,3611.276004996771,589100.0708041776,42.88923442712012,16779.448672559265,2289.71673127413,803309.2738801768,19.921965423641897,11651.542352571552,0,0,0,0.0,0,0.0,0,0.0,-1163.1751455109102,193456.3297182892
2025-03-31,38787.317215518866,7763.418984815221,612587.9281134226,88.56715724480847,52648.67820791034,9508.23471978468,622793.1849172238,106.77108220454541,53526.004550084894,5281.836320083333,753159.6416890459,49.08631522085162,23422.756897808766,3594.116302777479,585882.6614698059,42.890822812485574,17026.532394915568,2114.382417555753,749736.6076835173,19.73085532164278,11448.86239186569,0,0,0,0.0,0,0.0,0,0.0,-2063.2432884452223,194796.9083696589
2025-04-07,37759.76533840922,7419.8132976562,587003.3833109547,88.32369246280973,53328.33334564947,9843.686973973807,644316.246043662,106.86940193474919,50982.551720914824,4866.654070021855,693779.7499552845,49.08075380413093,22296.70524808768,3517.5244788741797,573429.7479990644,42.86660100726769,17459.32971585221,2132.175260167662,755558.8934621345,19.75093816545853,11347.368167400948,0,0,0,0.0,0,0.0,0,0.0,-2407.435312815426,190766.61822349892
2025-04-14,37677.16612211733,7564.594022042855,598163.4692709337,88.42123111869994,52678.676253297854,10043.861198134276,657421.5246586339,106.91632200194954,51972.464012068114,6830.163976566313,973105.9063959327,49.12934090499509,24825.047459803933,3753.8394127264373,611586.2226015525,42.9382854803286,17418.186897528543,2329.8756304278145,814948.500884102,19.964407263914204,12095.403607123018,0,0,0,0.0,0,0.0,0,0.0,-2221.9301815249355,194445.01417041384
2025-04-21,37700.02224886016,6851.419866660463,545023.952493296,87.9124050293514,51379.29695983507,10796.08024052006,704998.6874597268,107.16221430154488,54163.8468095908,4644.665906721211,662493.9086478065,49.07102837535622,23152.307388975296,3447.3246082633063,562893.7486514722,42.8368100098232,17299.294863678606,1916.7732953824072,687154.524142402,19.511465742171303,10647.478567536025,0,0,0,0.0,0,0.0,0,0.0,-1561.389907826629,192780.85693064932
2025-04-28,38106.36432881054,6640.078048562298,527992.9097187456,87.78031462661497,49996.68807275564,10509.687587441736,686924.6114527271,107.06713031943919,54190.53806924885,5619.497055861974,801181.5338683086,49.09497675512374,23538.609081450788,3576.9070135966763,583757.3094748501,42.87679325119258,17490.68752129677,2186.291270883845,772352.257967935,19.810493132687213,11313.902671646572,0,0,0,0.0,0,0.0,0,0.0,-645.103123742794,193991.68662146636
2025-05-05,38336.29080340888,6676.473429401235,530809.5243392024,87.80623868581705,49690.66999933047,10502.420617755835,685940.0040818977,107.08413670507963,54869.03735544622,4701.576173537763,670588.6792396572,49.07233743972831,21696.225567980473,3883.689381892305,632033.9689397546,42.98357835227925,17696.084430335522,2143.29133567553,758842.2762680766,19.7628719314706,11430.537134563945,0,0,0,0.0,0,0.0,0,0.0,300.04618468569464,194018.8914757512
2025-05-12,38532.75485176858,6437.376178560899,512897.3645692244,87.6359858244164,48162.08157761899,11694.668045052267,761476.4518385034,107.46900157850506,57406.82836342949,6006.94199202072,856053.3347969928,49.10831843205761,23284.1389378015,2949.5899541718536,482934.94919116865,42.68370922043739,17119.138296137844,2154.824253873864,761729.3839681712,19.774470629662698,11416.932539069505,0,0,0,0.0,0,0.0,0,0.0,1034.84035169065,196956.71491751657
2025-05-19,38298.895184073386,7262.392556048379,575777.136002932,88.20379457955767,49075.13323347626,11685.746423534862,760558.3844008734,107.47786702494845,58655.09681943584,5432.422321458655,774370.2556580453,49.09326522495183,23762.755819406946,3387.8257132087115,553698.4896492894,42.81426044591378,16703.22098882454,2062.4405100244494,733173.7946529952,19.6729581524984,11121.99198246508,0,0,0,0.0,0,0.0,0,0.0,1376.1923449039539,198993.286372586
2025-05-26,37672.00179349027,6272.314988089143,500883.99844681483,87.51268441699683,48626.42615409786,10435.974237707487,681990.2573031627,107.05318527026478,58393.36186319993,6082.271267541843,866791.4476795187,49.10971349568238,25563.71713724266,3526.274147664086,574831.6277317845,42.8684615714281,16839.834738208967,2054.0674440020066,730936.4979730345,19.66433916375153,10915.072983516173,0,0,0,0.0,0,0.0,0,0.0,1232.1269076685473,199242.5415774244
2025-06-02,36975.52018689547,7171.315888368595,568582.2821778535,88.14293370479868,47818.88950365577,10633.418789665166,694557.6693322615,107.11474066332046,57111.50789377217,5487.00143617011,782165.2814231132,49.09420697698229,23432.24026197876,3381.777424058844,552717.8764330791,42.812331113899354,16831.089719932257,2153.128242205413,761886.2980135387,19.77367430373715,11355.20333470065,0,0,0,0.0,0,0.0,0,0.0,606.0260246328204,194130.4769255679
2025-06-09,36500.99030399027,7658.939617183603,603075.5620321502,88.51065879779173,50481.14848197452,9974.927287827373,651400.3288482642,106.95804984906584,55466.894913262855,5449.724722511545,776976.5630431594,49.09154956328111,23843.44943723566,3332.4752313694867,544616.9650136261,42.79894024501973,16770.262326072305,2124.683215411321,753079.1363366388,19.742424137073897,11404.776536261212,0,0,0,0.0,0,0.0,0,0.0,-437.06750982557,194030.45448897127
2025-06-16,35969.64071494004,7054.991623352835,559894.1877546804,88.06332070381299,50887.87294447953,11511.757128228406,750008.0491752143,107.40561959619842,55225.349049041695,5343.0536065671295,761774.7949158484,49.08942428784477,22807.909714681115,3132.9223476761895,512769.2159102221,42.73514591258699,16331.994475835803,2065.543336516727,733921.0339404456,19.676121404768413,10918.602374335518,0,0,0,0.0,0,0.0,0,0.0,-1788.8360892622272,190352.53318405148
2025-06-23,35077.79827462112,6690.509696602844,532391.8582289771,87.80659791532588,50894.303367382294,10235.742801458287,669414.8366838332,106.98556042282311,55287.039446354356,5686.817853777286,810765.9130305786,49.09656074475625,24121.242255423407,3428.030163555727,559676.6429935968,42.83254675528912,16337.98526691531,2166.686028114602,765988.9414041892,19.788376103803802,11452.209132693093,0,0,0,0.0,0,0.0,0,0.0,-3238.6149609760305,189931.96278241352
2025-06-30,34302.96200195496,7059.831110579826,560177.5799586606,88.06590919536075,52953.63941920578,10536.554524864028,688713.1285238322,107.07260966484307,60842.5013118192,5199.408245155748,741377.9791176211,49.08521257121525,23909.948570018685,3410.780124024275,557394.9734015221,42.821126784217654,17601.734910698546,2035.4392875364053,724763.180355291,19.6432411929483,12571.534524732539,0,6,0,0.0,6,12677.19304759567,0,0.0,-4578.226044268955,210281.28774175645
2025-07-07,34186.48643576979,8099.000933231183,637212.8728252779,88.8121130510865,54936.4500315609,10739.751924535954,701434.5914503452,107.143940193842,58369.09886549323,5140.446729575941,733046.4182864166,49.082853925524645,25284.87119750746,3642.4470183927215,594106.0273264766,42.899323315911914,18025.610223826436,2141.0778894513155,758008.2493596845,19.760212285414127,11621.090779498572,0,7,0,0.0,7,10902.609722534871,0,0.0,-5705.762218121761,207620.45503806951
2025-07-14,33921.223362486824,6238.904599126019,498765.9706570878,87.48262356808698,50315.447264674236,10589.901757901895,691497.6915892805,107.11323749896577,54905.566654664544,5566.833018667697,793317.198316129,49.10034801969844,24758.67810931096,3878.5831851626426,631523.4793817453,42.97877769883108,17296.72060287235,2148.778131048197,759993.5292237172,19.76795592778449,11724.449113222754,0,1,0,0.0,1,-750.0176081455149,0,0.0,-6377.864088855494,185794.20341023066
2025-07-21,34422.726584543925,7313.808569937365,579589.5373202,88.24059809068359,50331.77622472701,9395.631412976709,616203.2843882282,106.71303639369171,53055.25583588139,5712.609452687786,814162.1424170904,49.10075601340679,22213.78202404791,3705.5474107789023,603664.3543743786,42.925330530697394,17648.719791263175,2294.154512926158,805370.5189106464,19.92827374356666,11834.616391312222,0,0,0,0.0,0,0.0,0,0.0,-6744.268760726607,182762.608091049
2025-07-28,34959.84833915647,7503.157004291284,593647.7150572916,88.37617891828751,51109.23129501699,10568.322730945927,690407.3348980477,107.09471284912618,52895.37885811659,5967.053212010756,850515.5219285617,49.105274853630505,25091.57385496835,3696.667615687281,602596.950193547,42.91845512277853,18035.611737651438,2168.739206734799,766132.0019567838,19.789703203355185,11501.45047365845,0,0,0,0.0,0,0.0,0,0.0,-6768.855321459565,186824.23923710873
2025-08-04,35443.18223737787,6786.9326846448475,539776.1959036599,87.87248417654939,50753.37141077255,10454.616296482798,683537.4166727857,107.04527927747125,53674.77715832858,5889.508501724341,839551.5808044311,49.102331392816886,25845.683239961887,3375.4739625162997,551842.6630595892,42.808761819918296,17594.50368495616,2127.5871784482024,753960.1698126214,19.745589829238565,11542.386708579304,0,0,0,0.0,0,0.0,0,0.0,-6618.528945991391,188235.37549398496
2025-08-11,36380.67965769367,6983.33790438596,553581.0459278681,88.02767766271153,50524.58635277015,9721.49906286368,636913.8426660318,106.81574379293816,53382.47629042817,5629.812936526917,802527.0370304359,49.09708746996137,24456.157135591435,3331.2493715746555,544302.0660696923,42.80010005069541,17303.386286092093,2178.7923918680594,769677.1770679788,19.80156258851179,11506.195510249741,0,0,0,0.0,0,0.0,0,0.0,-6596.549173826913,186956.93205899835
2025-08-18,36831.0188789205,7881.757162409138,621732.9276883892,88.64856536323948,51874.201955916025,9974.267362135186,653118.8341926046,106.88961718468853,52258.77776977609,4975.88169044935,709478.0558566198,49.080961022662535,23341.70996596098,3540.874762351228,577774.0641494165,42.867691352430725,17038.70917913181,2078.0311275164036,738395.5837113787,19.690749492169946,11252.950738059917,0,0,0,0.0,0,0.0,0,0.0,-6707.040674393912,185890.3278133714
2025-08-25,36871.988981218106,7264.191042779115,575325.9262191934,88.2143766483122,52775.28338658224,10276.657795376901,672157.7380553975,106.99225491008163,52933.56446408159,5232.099388008749,746114.5023842292,49.08467430963136,21564.138126611753,3273.8877717928717,535160.4681402994,42.78216094846108,16821.417331546414,2131.731897825931,754814.4589064353,19.749454973823227,11310.062163543085,0,0,0,0.0,0,0.0,0,0.0,-7057.6296694610555,185218.82478412212
2025-09-01,37071.27807245843,7045.523132831899,559680.6823122958,88.04785034953925,52421.58523658307,10441.779343904167,681960.8794163445,107.06967899034635,53776.6611337966,6272.854810641002,893802.6522911852,49.115550902455105,24120.216463702836,3260.7505482273846,533331.0385193395,42.77399804192118,16674.01352983478,2204.1828691737,777612.588161642,19.82959269453437,11349.466970124886,0,0,0,0.0,0,0.0,0,0.0,-7736.380631083373,187676.84077541722
2025-09-08,36939.26072472664,7225.883222069085,572070.9576835977,88.19205513980003,49998.33935628492,11581.039879966733,753910.5260938623,107.44550547642935,55770.02087026511,5723.134034438641,815483.2981510111,49.10374178732196,25227.440424310043,3072.6265419960578,503138.5177494707,42.71560455543814,16008.944244966817,2091.5629811240124,742072.0714288893,19.704875273467202,11343.720531745215,0,0,0,0.0,0,0.0,0,0.0,-8503.130633997489,186784.59551830127
2025-09-15,36518.224715820106,7522.2900750173485,593787.3865114277,88.40562244546635,52083.879606234426,10705.298656738285,699087.1731738361,107.13872768369046,57484.51394935892,5936.462207486773,846241.3644634319,49.103374436215596,25456.750419301035,3418.9859830997625,558570.8801396338,42.8253264011792,15981.87505106792,2121.93996829367,752299.3777381711,19.739522741987145,11344.472709100617,0,0,0,0.0,0,0.0,0,0.0,-9097.46636770672,189772.2500831763
2025-09-22,36529.47046623443,7160.035306464357,568339.5004018733,88.12816244480373,52621.48566633154,9823.387719504151,642317.0404579017,106.89306447399767,54829.17214791371,5194.450688956665,740775.9278835376,49.08348391034706,24110.97931599171,3343.568314700352,546009.0024330973,42.8073040894635,16371.243407698923,2200.728918601936,776551.4102915184,19.825768203845485,11540.767991552406,0,0,0,0.0,0,0.0,0,0.0,-9385.655275074107,186617.4637206486
2025-09-29,37045.50596705098,6185.770343503092,494944.8013309833,87.44236885659758,49772.44165589195,9495.584819099275,622367.4559523272,106.75227292438213,52158.16135859465,5170.922425621411,737237.1071247947,49.08621966596185,22341.41196390417,3439.697908872232,562076.9967878052,42.829735401876654,16495.78475993598,2087.837359526542,741564.0918464784,19.701736256208452,11285.639942572116,0,0,0,0.0,0,0.0,0,0.0,-9109.540705406856,179989.40494254298
2025-10-06,38307.64697096,7303.761332214502,578966.7083582635,88.23185498903555,49330.54735982784,10835.81280098571,707078.7340369556,107.19125539640929,52579.567992080374,5685.700502490317,810395.3350221394,49.09970427014795,23578.492985543,3617.2910866427133,589691.7021471123,42.895202078837315,16869.416496729093,2087.221621277541,740749.4494201129,19.699954544237787,10881.21776316249,0,0,0,0.0,0,0.0,0,0.0,-8144.013895331513,183402.87567297128
2025-10-13,40003.35371806496,6995.285850768493,554783.7283570687,88.0287421383255,50614.17775866298,10083.013246443079,659574.4755083857,106.94331330033896,54586.57995076064,4690.0871979635085,668767.7203221355,49.075962676851624,21226.99137958672,3683.791471550469,600161.8209949742,42.91864722166996,17470.18219628847,2149.4228303620803,760850.1267327943,19.769811273438332,11464.412666169586,0,0,0,0.0,0,0.0,0,0.0,-6400.432880012895,188965.26478952047
2025-10-20,42589.977211371006,6560.550202727397,520752.0919310604,87.74032588083753,49995.744562830456,10719.873153226406,699856.7911517429,107.14934110126521,53333.039978256464,5825.997046418404,830446.3310753005,49.10148039732465,22851.689355079052,3558.4854981082867,580914.1220742365,42.86974088876029,17261.950173844518,2044.0895612223258,727977.4141383732,19.65356843957594,11123.992017905746,0,0,0,0.0,0,0.0,0,0.0,-4082.064831066108,193074.32846822115
2025-10-27,45231.82309462886,7444.060458834668,589269.7389521736,88.33415432057268,49200.634682641816,11620.204689422064,756910.9374982322,107.43990413261571,57872.69673065293,5676.379354103208,809019.1016810485,49.099948661788325,25070.716388756526,3813.402906827772,620964.5715573339,42.959064363734804,17774.454818437054,2070.385139877188,735709.4156531465,19.681802031709733,10928.650119465672,0,0,0,0.0,0,0.0,0,0.0,-1331.5050892838149,204747.47074529904
2025-11-03,48468.73125249758,7915.638323329249,624037.9575387184,88.67422617013145,52217.32762656094,10427.997348720795,681943.2126984968,107.03323188372607,56708.929692903504,5924.696508052932,844329.2038702511,49.106206430237144,24146.504344991165,3484.3844019330095,568939.5166109726,42.84708155898799,17460.995481306032,2224.496852568583,783854.925882967,19.85179934505184,11519.35299000384,0,0,0,0.0,0,0.0,0,0.0,1504.941885318843,212026.7832735819
2025-11-10,51271.04977964412,7942.1220326809935,625635.1813474759,88.69817633715037,54056.54074018826,10192.322242986702,666686.6666992884,106.9695659156765,55772.53994625995,6521.355556633432,929103.4291231184,49.12230787950874,26589.374909456645,3521.8262355770166,575094.163282402,42.857485978209965,17475.09045714316,2147.8212430637323,760098.5822577653,19.767615995273996,11505.58781560262,0,0,0,0.0,0,0.0,0,0.0,4147.807972025796,220817.99162032056
2025-11-17,53158.680886539216,6968.660941786526,553686.6295043963,87.99628156809645,53965.16213920225,11546.991937215897,752276.9591917278,107.41597858190914,56064.38910363756,5535.082255574486,789093.531225944,49.09410043975438,25838.188224810816,3593.304605537168,586183.736086987,42.88411777377263,17393.959136422847,2256.700468587641,793349.2431896472,19.88628201488389,11839.969852784081,0,0,0,0.0,0,0.0,0,0.0,6251.705065541706,224512.05440893848
2025-11-24,55215.27742176522,6788.898813061538,540279.7594818169,87.86870792028972,60910.23846716656,10551.886131644715,689342.7511681768,107.08986541672668,71533.22186962762,6097.758550404859,869098.3177094407,49.108746934629906,34472.93118081337,3575.80815138436,583144.2639234784,42.8810381714018,22173.242245579313,2213.7035931993555,780691.6276240024,19.840366160780572,14573.821420556167,0,6,0,0.0,0,0.0,6,41171.22330577678,7791.388594629483,307841.3445059145
2025-12-01,57201.54397042139,7313.10072403659,579545.6920540103,88.24018477131654,54688.04634330499,10464.30820552631,683994.6818305389,107.05419770049649,61024.1832158107,5045.272580628568,719432.9225331212,49.08170164640695,26332.490454715564,3680.2650655313387,599390.2395699257,42.91885516640876,18972.318623680032,2064.055884110409,733477.9090245302,19.674533726845297,12288.563773319618,0,2,0,0.0,0,0.0,2,13971.753681817205,8711.90329172834,253190.80335479783
2025-12-08,58834.865636075774,7327.941939821442,580462.1009831203,88.25317265677914,51523.61442564286,10027.146562163156,655876.6865106478,106.93128971959217,53271.30404018846,5467.36049538228,779383.6475893878,49.09356180019381,22642.337130075484,3301.6944969485826,539601.938164564,42.790563729095325,17129.673522128433,2053.225257167446,729430.373794662,19.661561251100128,10835.13481636551,0,0,0,0.0,0,0.0,0,0.0,9019.206464460709,223256.13603493723
2025-12-15,59592.530501486784,6507.272873465339,518718.73920923576,87.67632450512994,49609.95980807055,11045.974393306109,720666.6039323392,107.24893035145661,55439.20394924706,5113.91407002666,729265.6113791645,49.08244895999746,21772.233677800665,3300.815539509939,539264.3696682425,42.792074069897936,17054.78650925448,2177.6154808570514,769449.019272578,19.80054426602313,11335.57964780907,0,0,0,0.0,0,0.0,0,0.0,8757.171890187798,223561.4659838564
2025-12-22,60489.03199687897,7543.330549326415,596802.2314580504,88.40294635638529,50552.634354161135,10626.108795493876,693588.5731179704,107.13085379889883,55926.660444415225,6037.446639596807,860383.6874319303,49.10854328843137,25190.209697398892,3544.190527393502,578398.2846919931,42.86743863814844,16883.889065077456,2186.2613094746966,772266.8170190821,19.81033288420824,11638.580612345868,0,0,0,0.0,0,0.0,0,0.0,8271.093030439688,228952.09920071723
