"","DATE","impressions_Facebook","impressions_TV","impressions_Youtube","impressions_OOH","impressions_Radio","impressions_ProgammaticRT","impressions_PMAX","spend_Facebook","spend_TV","spend_Youtube","spend_OOH","spend_Radio","spend_ProgammaticRT","spend_PMAX","clicks_Search","spend_Search","total_revenue","week","promo1","promo2"
"1",2020-01-01,11612146.37889,347109.277477252,417266.29530274,1058761.23800067,2691324.63215886,749477.641896126,1054359.8765749,34907.3089370039,8718.1631374237,4172.9496712075,15892.728288323,26803.5651117931,6011.25664618469,7392.42620993692,54058.0731140151,30176.2966693367,4574184.77107412,1,0,0
"2",2020-01-08,11520779.7100184,375466.83274188,407666.128694605,1082960.49904111,2680982.05974826,751978.427323716,1110406.03570237,34600.349654917,9407.58635488259,4079.80445394048,16251.009869571,26750.6458286035,6031.37099109048,7807.44519793012,66260.1704773523,35673.4853870764,4571313.59135106,2,0,0
"3",2020-01-15,11292363.0378396,446360.72090345,383665.712174264,1143458.6516422,2655125.62872178,758230.390892691,1250521.43352106,33832.9514496999,11131.1443985298,3846.94141077292,17146.7138226908,26618.3476206297,6081.65685335497,8844.99266791312,96765.4138856952,49416.4571814257,4341162.34159224,3,1,0
"4",2020-01-22,9479346.53183098,423521.566531994,307456.080891231,961498.49560858,2156941.16394101,591489.102194674,1054088.57764345,28334.7294885303,10586.877475995,3080.87133439753,14432.9741149286,21651.8403458985,4740.89996755839,7436.52988758058,74618.3185460405,38353.6175248268,3983447.20733698,4,0,0
"5",2020-01-29,8119584.1523245,406392.200753402,250298.857428955,825028.378583367,1783302.81535543,466433.135671161,906763.935735233,24211.0630176532,10178.6772840939,2506.31877711599,12397.669334107,17926.9598898501,3735.33230321095,6380.18280233118,58007.9970412994,30056.4877823775,3676787.64607192,5,0,0
"6",2020-02-05,9310691.29698579,332744.417004479,334984.208327702,969805.813924958,2448561.55688027,649789.169482511,1236769.27218615,27925.9376608302,8299.16387143117,3354.34489792043,14570.2368723108,24488.5361557242,5219.04196594791,8685.0837040006,77525.7817627695,41851.0585307893,4484749.5384974,6,0,0
"7",2020-02-12,10304094.0118146,363761.228533427,388696.682112927,1070940.02514693,2554151.28911301,711592.332573625,1308504.01049111,30887.2263299472,9067.17395089855,3890.96556878136,16089.7821035913,25541.9788669448,5714.40606113249,9182.37984813266,76812.4271555617,41326.9082707379,4638061.66064428,7,0,0
"8",2020-02-19,15073403.1561261,623509.881456042,626286.173925527,1532967.85713715,2522430.9409846,899055.277308963,1408907.10386997,44940.0837014721,15554.7478403656,6262.66347314251,23034.4859530699,25301.0588683946,7202.88096950298,9861.25581125559,53014.5147908451,26387.4359620181,4426676.13259386,8,0,1
"9",2020-02-26,13948873.612302,551041.821563347,543718.591102583,1395199.60463383,2401850.92847495,774397.322291248,1355913.56795557,41677.5644751512,13824.4942908805,5439.62534300243,20960.6713272159,24049.0011808469,6207.97725759721,9500.36255171867,57694.3831156554,29377.3676732488,4509390.90413909,9,0,0
"10",2020-03-04,12449500.8872034,454417.74170642,433628.480671992,1211508.60129608,2241077.57846209,608186.715600962,1285255.52006971,37327.5388400567,11517.4895582338,4342.24116948232,18195.5851594107,22379.5909307832,4881.43897505618,9019.17153900278,63934.2075487358,33363.943288223,4974908.68620477,10,0,0
"11",2020-03-11,12451224.973944,497506.473531152,453584.563072411,1132400.53433898,2916248.33444555,835766.824880601,1232665.80933369,37413.4746495305,12481.6076788208,4539.5273772659,17011.0976952527,29238.6911863207,6696.49011729154,8676.84808158204,73176.0460365759,38676.360973782,4586634.09142742,11,0,0
"12",2020-03-18,12451914.6086403,514741.966261045,461566.996032579,1100757.30755614,3186316.63683894,926798.868592456,1211629.92503928,37447.84897332,12867.2549270556,4618.44186037933,16537.3027095895,31982.3312885356,7422.51057418568,8539.91869861374,76872.7814317119,40801.3280480056,4957067.00628697,12,0,0
"13",2020-03-25,12676176.1830602,427321.094436133,393873.098736144,1575369.83840707,2952059.88695809,979563.987228994,1318939.91903946,37935.4317428995,10772.2598169995,3943.64891992692,23679.9294891641,29550.1183273825,7849.54764652563,9261.94824499964,70819.7632675301,35716.8407802362,5187461.99891169,13,0,0
"14",2020-04-01,12339710.5970464,390042.82111085,423280.482932342,1491487.66998178,2805312.646196,861640.754691431,1341879.63271492,36969.5367008512,9811.87769994188,4237.95911017958,22416.1038232086,28101.5677741006,6908.7742788459,9410.50674053008,74217.4120746157,37496.2655381217,5207648.5998799,14,0,0
"15",2020-04-08,11498546.6320121,296847.137797643,496798.943422837,1281782.24891854,2438444.54429078,566832.673347525,1399228.91690359,34554.7990957305,7410.92240729776,4973.73458581123,19256.5396583199,24480.191390896,4556.84085964659,9781.90297935619,82711.5340923295,41944.8274328353,4972395.04571666,15,0,0
"16",2020-04-15,13315371.5823563,308082.069831255,441038.070207621,1309103.74348119,2432025.17725468,656684.287638308,1288703.92575143,39921.2205095741,7666.73955639961,4414.07436239874,19656.8670715764,24421.2087978213,5279.68521762764,9024.44078549906,73266.9958851576,36325.2252664207,5166712.94198859,16,0,0
"17",2020-04-22,14677990.2951145,316508.268856464,399217.415296209,1329594.86440318,2427210.65197761,724072.998356396,1205810.18238731,43946.0365699568,7858.60241822599,3994.32919483936,19957.1126315187,24376.9718530152,5821.81848611342,8456.34414010621,66183.5922297787,32110.5236416098,5081503.01642803,17,0,0
"18",2020-04-29,9336902.25603837,316970.960913818,405934.503335122,1154649.22535955,2333982.69418769,670239.560985156,920000.167726646,27917.3013764149,7954.39160161965,4058.54069243957,17373.5835612531,23427.9012545268,5371.79772113497,6444.54369055073,64081.1889687204,32587.0339415563,5053488.28252072,18,0,0
"19",2020-05-06,8949044.99893924,340992.711229947,393196.035886702,1147627.25546693,2305096.40114198,659419.259826452,897778.92367444,26726.8631626916,8567.15909757397,3930.91022449227,17268.7152682128,23129.2069597064,5287.8474920329,6289.3849904201,61235.2781818743,31489.0791852246,4859504.53906844,19,0,0
"20",2020-05-13,11962989.4954206,484660.521069365,310048.14315727,1280441.07515484,2225006.60065764,648330.890245468,1050261.47402187,35612.9690738937,12147.9748899062,3100.91591920828,19223.0345802367,22286.111789272,5234.16688239891,7370.23323919185,46262.2167218562,24424.8403472881,4610769.64268402,20,0,0
"21",2020-05-20,11616265.2068236,424569.354819766,305655.48218598,1157682.58902718,2318866.08486538,696155.028157579,1054862.72333544,34709.9512746672,10655.9934748993,3057.93763959932,17392.0205291371,23242.9456607978,5607.08347591889,7411.95794092188,48683.1449897196,25975.0305529699,4694275.70598538,21,0,0
"22",2020-05-27,11153966.1553609,344447.799820299,299798.600890928,994004.607523627,2444012.06380902,759920.545373728,1060997.72242021,33505.927542365,8666.68492155681,3000.63326678738,14950.6684610045,24518.7241561656,6104.30560061221,7467.59087656191,51911.0493468707,28041.9508272123,4869020.82042908,22,0,0
"23",2020-06-03,8966229.13159499,360548.428907651,264950.817528081,1073155.9542741,2164383.31570091,575585.875270348,1106358.9000945,26905.9841385099,9044.30958746929,2657.08395703731,16115.6558814358,21724.7909347433,4611.69583892772,7796.94333962134,57287.9607500831,29263.2436102184,5110587.25020729,23,0,0
"24",2020-06-10,8091134.32208862,366988.680542591,251011.704182942,1104816.49297429,2052531.81645767,501852.007228996,1124503.37116422,24266.0067769679,9195.35945383428,2519.66423313728,16581.6508496083,20607.2176461745,4014.65193425392,7928.68432484512,59438.7253113681,29751.7607234208,4592313.27586128,24,0,0
"25",2020-06-17,15675728.4569062,423032.406280165,554265.41299719,1127945.05772051,2646613.90172504,663878.410266116,1483459.35179023,47044.854030474,10563.6635851042,5546.18079922055,16940.0409277694,26571.4818184255,5325.10676229564,10401.9609082505,71163.1396226668,35498.3017781865,5750118.36050618,25,1,0
"26",2020-06-24,15164486.8722468,467417.479834178,530206.567763703,1152073.02355341,2549908.47757115,641815.469494437,1460180.2671775,45468.1608907953,11687.8253916384,5308.79332007974,17300.7132427876,25599.936121933,5152.52489958938,10235.2021911881,69241.3321746296,34979.9945257882,5007474.3697319,26,0,0
"27",2020-07-01,13886382.9105985,578380.163719213,470059.454679985,1212392.93813568,2308144.91718644,586658.117565241,1401982.55564568,41526.4280415985,14498.2299079741,4715.3246222277,18202.3940303331,23171.0718807018,4721.07024282373,9818.30539853217,64436.8135545366,33684.2263947924,4467916.41158048,27,0,0
"28",2020-07-08,11619522.6513083,403925.762412739,395939.235190418,1065980.44429642,2304070.4762739,580021.04975854,1356293.63867509,34756.1518652351,10093.396613533,3968.5349085837,15999.5329127838,23087.6415651173,4662.15773901577,9476.61501662139,73485.5374613311,38562.0923874781,4440029.57141588,28,0,0
"29",2020-07-15,9919377.45684071,273084.961432884,340349.070573242,956171.073916972,2301014.64558949,575043.248903515,1322026.95094716,29678.4447329625,6789.77164270215,3408.4426233507,14347.3870746218,23025.0688284289,4617.9733611598,9220.3472301883,80272.080391427,42220.4918819924,4661324.24402225,29,0,0
"30",2020-07-22,8089293.58527219,312514.382105418,330601.216688074,836062.105703758,1888735.45334258,609271.598305041,852249.171642274,24149.6848198103,7826.5914287767,3308.39447337216,12565.8667488092,18906.5918786782,4894.15196822384,6003.98695751673,54204.5148771905,27154.1377513758,4801095.32541885,30,0,0
"31",2020-07-29,8868770.6327732,353671.015258303,357224.369457127,867395.97688908,1986624.40280438,624259.357899486,878719.081389447,26475.5487251139,8866.70389696976,3575.54465740518,13041.0144779904,19910.1286857708,5015.88593539941,6200.48898915662,50491.7083568343,25214.7951048004,4851592.15179311,31,0,0
"32",2020-08-05,15375716.7893478,561181.393503083,526711.139956613,1175508.17221422,2986237.29182209,679957.566064628,1507316.31917737,45959.4920700872,14070.5589200536,5278.49391158185,17673.4211788899,30049.8264780772,5470.11113138878,10595.8614516675,54282.4347489334,28645.0933559644,5108710.10481075,32,0,0
"33",2020-08-12,13510969.738739,438097.969295039,463453.835037942,1223439.37517293,2577305.12373281,703474.14333913,1356019.74348843,40486.3170522295,10992.7327098406,4643.39937797599,18385.8950760947,25901.9679910389,5654.32990292903,9541.33185052569,59747.5349759507,30812.0166643851,5719809.74764082,33,0,0
"34",2020-08-19,11024640.3379273,273986.737017647,379110.761813048,1287347.64578454,2032062.2329471,734829.579705133,1154290.97590318,33188.7503617525,6888.96442955659,3796.6066665015,19335.8602723676,20371.4900083211,5899.95493164936,8135.29238233654,67034.3352786404,33701.2477422793,4529335.53839405,34,0,0
"35",2020-08-26,9414297.2507304,402995.176888133,463410.399956103,1026273.58668146,2237459.58612648,602915.459232038,1121914.88211927,28342.7825849255,10235.5431927473,4636.07692085053,15409.4296880106,22473.9206664934,4831.03761724927,7870.65582996324,70444.6438682585,36655.2373763554,4481440.39354462,35,0,1
"36",2020-09-02,8770160.01585163,454598.552836328,497130.255213325,921843.963040228,2319618.52739823,550149.811042801,1108964.44460571,26404.3954741947,11574.1746980236,4971.86502259014,13838.8574542678,23314.8929297624,4403.47069148923,7764.80120901391,71808.7673041057,37836.8332299858,4979130.79099288,36,0,1
"37",2020-09-09,10228995.5722593,378897.36194182,278577.227384357,885536.431328946,1821174.92886845,535032.948824107,1058171.7736393,30780.7842480165,9510.83655444484,2789.42888428433,13286.0878232572,18236.4230305116,4310.09955985087,7461.95599578119,63777.0531515698,34196.7602260932,4285578.13820958,37,0,0
"38",2020-09-16,10244337.6632025,358210.514022619,304575.930555117,972463.695720782,2041698.52263745,576913.121938863,1101581.5112662,30827.2570056033,8990.27263979581,3048.67702399548,14596.6939092937,20445.6445169117,4639.48048661,7748.42350467712,68945.8383032046,36984.6848451171,4795453.88941518,38,0,0
"39",2020-09-23,10282692.8905603,306493.394224614,369572.688482016,1189781.85670037,2593007.50705993,681613.554725753,1210105.85533345,30943.4388995705,7688.86285317326,3696.79737327335,17873.2091243852,25968.6982329121,5462.93280350781,8464.59227691694,81867.8011822913,43954.4963926771,4968542.20038652,39,0,0
"40",2020-09-30,9525819.51298081,369026.18500732,424456.162265886,1219446.02298755,2343254.57667216,597309.812543363,1094872.73826174,28616.2106696008,9242.35101099509,4245.35116937698,18317.7741601693,23480.8445584436,4785.7023254072,7674.34148249442,73000.96645113,39556.9932101229,4712237.2959407,40,0,0
"41",2020-10-07,8958164.47979617,415925.77809435,465618.767603788,1241694.14770293,2155939.87888133,534082.005906571,1008447.90045795,26870.7894971235,10407.4671293615,4656.7665164547,18651.1979370074,21614.9543025922,4277.77946683173,7081.65338667753,66350.840402759,36258.8658232072,4920468.88967175,41,0,0
"42",2020-10-14,11439923.5236886,505185.770659119,451939.732493508,1060087.67931495,2449071.75836709,646934.506629981,1114041.06842287,34481.8773209592,12688.50445009,4517.76781870684,15927.4932485612,24540.6635476652,5169.77978717716,7861.08062339261,63407.4866924757,33644.6515750453,4499253.09285901,42,0,0
"43",2020-10-21,11787802.9348199,534141.868684047,440874.774386991,1059843.59629603,2616408.2530849,703171.248289688,1154826.87160706,35542.3250603944,13403.8418761113,4407.57725420871,15920.5429278301,26233.71878854,5625.38086625239,8149.29825121002,67228.3671903949,35240.5927535137,4817092.52924337,43,0,0
"44",2020-10-28,11393320.3577154,618618.464268845,388164.060858165,1239985.56657047,3327295.34190602,927739.19752452,1293948.52274724,34293.9236731701,15414.8291115102,3885.4325649678,18602.5456918898,33466.3409887156,7466.9870203584,9099.17678139936,93097.0038881932,47430.4540724859,5561536.76879996,44,0,0
"45",2020-11-04,10015765.8394437,529907.147984304,393158.024893438,1159185.98576745,2898805.08921204,750812.573084268,1252887.22559194,30134.0907024038,13212.4513316548,3936.88874778739,17395.5443318987,29147.2375337307,6041.6901973122,8793.59055685514,79167.5652349692,40866.4479055379,5817259.77706411,45,1,0
"46",2020-11-11,8179026.48174803,411625.392938251,399816.643607136,1051453.21136343,2327484.75228673,514910.407163932,1198138.82938488,24587.646741382,10275.9476251809,4005.49699154683,15786.209185244,23388.4329270842,4141.29443325059,8386.14225746285,60594.9803640039,32114.4396829405,5079664.80263945,46,0,0
"47",2020-11-18,9289924.5995483,351356.172795604,357741.163083925,1036491.03711803,2706494.11486326,754153.282211029,1133968.71099808,27884.3372051986,8735.01848979188,3580.47287974252,15559.7546493489,27189.6294314107,6057.55999301181,7974.67979002505,79081.034991687,41191.7436331061,4996120.02045792,47,0,0
"48",2020-11-25,9734283.8466684,327248.484738545,340910.970874641,1030506.16741988,2858097.85989387,849850.432229867,1108300.66364337,29203.0133907253,8118.64683563627,3410.46323502079,15469.1728349909,28710.1080331413,6824.0662169163,7810.09480304993,86475.4568427602,44822.6652131723,5587415.62280203,48,0,0
"49",2020-12-02,11516277.8635455,448366.551614868,257601.54897573,960740.783856945,2481737.96346806,549965.927372197,1057672.67933689,34562.5043130524,11286.4760675485,2576.07569342613,14438.8144481332,24832.3444912865,4412.93254753103,7430.47561146438,52537.0345505814,24909.4947178229,5167590.75801475,49,0,0
"50",2020-12-09,10910150.8435493,437773.93430652,273309.710445739,932176.02654067,2336670.03579272,546589.072048258,1052586.7764482,32752.57269343,11018.3390792613,2733.69110857707,14008.4799029782,23403.6351547557,4388.12338330026,7397.47885391835,52010.8615951119,25265.879557911,5864778.84592661,50,0,1
"51",2020-12-16,9394833.29355895,411292.391035652,312580.114120759,860764.133249981,1974000.2166044,538146.933738409,1039872.01922648,28227.743644374,10347.9966085431,3127.72964645441,12932.6435400907,19831.8618134288,4326.10047272334,7314.98696005327,50695.4292064383,26156.8416581314,5121265.44080248,51,0,0
"52",2020-12-23,8789620.22398653,362121.1343877,289579.755917571,884107.911779617,1904691.7010688,499033.28684905,1026187.70825559,26358.7467789345,9086.82404815702,2896.88883396551,13282.3711967383,19137.2206877224,4010.63354172333,7205.91493437231,61983.0401379763,31391.2841912402,4717894.01472656,52,0,0
"53",2020-12-30,8335710.42180721,325242.691901735,272329.48726518,901615.745676845,1852710.3144171,469698.051682031,1015924.47502741,24956.9991298548,8140.94462786743,2723.75822459883,13544.666939224,18616.2398434426,3774.03334347333,7124.11091511159,70448.7483366297,35317.1160910718,5247259.4833472,53,0,0
"54",2021-01-06,8169710.40619801,430477.118641451,255689.840903123,872768.841257737,1964721.87986887,454764.276056615,975184.74049038,24570.3664674848,10701.9820610808,2562.38124088148,13114.7196340415,19724.5250221381,3647.80860553948,6875.16987005463,73501.0884464101,38565.5680828013,5173977.59298331,2,0,0
"55",2021-01-13,9113028.19318752,434181.54021793,263074.178397769,949502.445509853,2132034.00485724,500596.121261803,999088.921005268,27418.7899602638,10801.7770388127,2636.60849802271,14267.4030600319,21396.9225231989,4014.69437358243,7044.38710091596,73029.7691476129,38421.2568798766,6251328.34361564,3,1,0
"56",2021-01-20,14938934.9307338,351173.642937087,324019.849727699,1438750.97544166,3023895.18933573,790520.968118347,1183253.73863162,44895.9635793084,8839.50947199059,3243.34902458745,21613.4509211571,30323.0223508681,6342.23371977398,8308.63153114087,67149.5132450494,34306.9376705988,6049817.16173035,4,0,0
"57",2021-01-27,14077051.0144625,457228.870658745,426577.944420378,1512640.49578025,3126454.98658083,719234.75913426,1383073.29092052,42273.7734582635,11464.6045992102,4266.64596453291,22722.8373598752,31363.8692918426,5760.96322225401,9693.67106886357,66464.9946236278,33459.4233340647,6810125.84716004,5,0,0
"58",2021-02-03,12927872.459434,598635.84095429,563322.070677283,1611159.8562317,3263201.38290765,624186.480488812,1649499.36063904,38777.5199635371,14964.7314355031,5631.04188446018,24202.019278166,32751.665213142,4985.93589222739,11540.3904524938,65552.303128399,32329.4042186859,6784350.71696134,6,0,0
"59",2021-02-10,13696938.9085588,464640.813508917,467061.45999508,1213985.89580176,2856877.51594292,605363.947546125,1230468.41451771,41095.7346095236,11684.3235992282,4675.26101773695,18241.3610470817,28701.9705677967,4851.34877452805,8608.6853600009,57583.0202781982,29586.7312406731,5913642.86918576,7,0,0
"60",2021-02-17,14004565.4882087,411042.802530768,428557.215722198,1055116.31162978,2694347.96915703,597834.93436905,1062856.03606918,42023.0204679183,10372.1604647182,4292.94867104766,15857.097754648,27082.0927096586,4797.51392744831,7436.00332300371,54395.3071381179,28489.662049468,6094898.71620285,8,0,1
"61",2021-02-24,10123192.169402,318235.367854451,536537.406220395,1093924.11885573,2815992.75470596,606772.177767636,1221628.01359145,30497.1179777025,7973.18197809082,5372.08743691086,16431.1396930869,28219.168914623,4877.95328456508,8582.65189606172,79053.8648582895,41033.9252262936,5824280.15195321,9,0,0
"62",2021-03-03,9996260.89746924,307072.773514601,481999.588948796,1125138.93560063,2729261.92122947,639898.691449832,1156693.3200725,30110.5009063401,7701.86005803087,4826.03176056803,16897.0182115853,27362.2093742932,5141.0011864673,8124.12431650796,75512.3058204848,39100.2398761911,5778543.83715467,10,0,0
"63",2021-03-10,9678932.71763744,279166.287664976,345655.045769798,1203175.97746289,2512434.83753823,722714.975655322,994356.586275119,29143.9582279341,7023.55525788101,3460.89256971094,18061.7145078311,25219.8105234689,5798.62094122284,6977.80536762356,66658.4082259732,34266.026500935,5721760.68687359,11,0,0
"64",2021-03-17,9069202.79518773,323204.42327188,327751.291488814,986471.655568217,2315073.97552725,574378.645709603,948605.162590387,27192.9283013562,8110.06864408345,3282.27980354089,14813.1555937593,23238.0138543808,4609.74052778183,6649.65175025817,59320.3085725372,30937.8367848357,5876815.69668243,12,0,0
"65",2021-03-24,8611905.35335045,356233.024977059,314323.475778076,823943.414147211,2167053.32901901,463126.398250313,914291.594826838,25729.6558564228,8924.95368373527,3148.32022891335,12376.7364082055,21751.6663525647,3718.08021770107,6403.53653723413,53816.7338324602,28441.6944977611,5895776.92086813,13,0,0
"66",2021-03-31,7644643.05898416,339979.567894879,390698.625501744,991686.583445742,1766242.25849591,626896.318088378,1029165.18347063,22957.8806577351,8621.27525459749,3905.28617558405,14909.8576961925,17708.6014447647,5024.20306910778,7189.65523250437,58126.0885179887,29758.7886436088,5983093.04576824,14,0,0
"67",2021-04-07,7970115.6850606,359849.159871712,409563.30944799,1033135.03036237,1789636.04867722,655935.670588736,1039249.59695563,23945.9058164658,9130.28661774197,4094.29241566459,15529.7572522105,17948.1978281142,5256.37212486133,7262.70770699795,57953.8020517309,29755.3174231459,6042360.0762728,15,0,0
"68",2021-04-14,10890213.7358856,495320.168814889,446376.263401799,1114082.5425636,2330809.86028816,666401.865752819,984882.489221856,32645.8319675379,12488.0332257466,4471.36390947711,16716.0333003315,23428.8410360114,5343.26360797594,6914.90385868917,52610.7285686556,28417.3959545202,6015603.30141273,16,0,0
"69",2021-04-21,11047552.0720239,412686.851050062,417888.646548213,1242249.05490501,2486981.98427499,738335.047192539,1106413.90615638,33077.2183681986,10372.1805993385,4186.49197124278,18651.6212059545,24998.3958244564,5929.1243616125,7746.35330970029,64300.1510506638,32687.9020633141,5866399.77147637,17,0,0
"70",2021-04-28,11257336.5202084,302509.094030292,379905.157410097,1413137.73802689,2695211.48292409,834245.955778834,1268455.79540242,33652.4002357461,7551.04376412775,3806.66272026368,21232.4050801185,27091.135542383,6710.27203312792,8854.9525777151,79886.0476933413,38381.9102083726,6518019.47389068,18,0,0
"71",2021-05-05,9870951.97064926,331828.45535011,376152.023376159,977608.789567647,1878236.00324712,551349.481618801,1020430.85303408,29585.6277816815,8387.49007896235,3765.85097544793,14678.9344649608,18858.8423251815,4426.57688415814,7143.5841303231,51522.3444832665,25901.3138759345,6077107.10950402,19,0,0
"72",2021-05-12,9316398.15082561,343556.199878037,374650.769762584,803397.210183949,1551445.81137633,438190.891954788,921220.876086744,27958.9188000556,8722.06860489619,3749.52627752163,12057.5462188977,15565.9250383009,3513.09882457023,6459.03675136631,40176.8631992366,20909.0753429593,5560359.47688351,20,0,0
"73",2021-05-19,10251133.7970362,362370.030494164,258021.853617454,946120.728799988,2159153.26654408,575456.337174107,1172345.58322907,30713.5595462021,9028.20305159175,2577.41598625217,14207.8430780796,21640.6744307619,4603.17138984018,8227.11755261776,53084.2821149057,28889.9640432781,5728026.00429529,21,0,0
"74",2021-05-26,10231899.2977399,356739.777843624,317304.36240978,1014798.51746957,2108238.41062919,620093.303362285,1117006.40299614,30671.3284950519,8921.47607814361,3172.53520137509,15241.994526198,21137.4207981123,4963.93396259017,7839.36928461489,53510.3652661467,28820.0680777872,5799123.14525305,22,0,0
"75",2021-06-02,10183813.049499,342664.146217275,465510.634390595,1186492.98914353,1980951.27084199,731685.718832728,978658.4524138,30565.7508671765,8654.65864452324,4660.33323918239,17827.373146494,19879.2867164884,5865.84039446514,6869.99861460771,54575.5731442492,28645.3281640602,6252193.52155545,23,0,0
"76",2021-06-09,10153513.4070265,303789.297760568,486061.234930057,1247613.95163871,2331911.65579416,766805.189751484,1096049.47315945,30536.8327741954,7635.2728867032,4863.12957901085,18746.4490888296,23374.0068008485,6154.63069449645,7677.05166959296,54679.8380390838,28585.8995845659,6590426.87941285,24,0,0
"77",2021-06-16,10130788.6751721,274633.161418038,501474.185334653,1293454.67351009,2595131.94450829,793144.792940551,1184092.73871869,30515.1442044597,6870.73356833816,5015.2268338822,19435.7560455814,25995.0468641186,6371.22341951993,8282.3414608319,54758.0367102098,28541.3281499451,6687576.79231205,25,1,0
"78",2021-06-23,13125299.4214386,524508.566841019,470987.309717522,1135871.52887785,2823160.88969785,706441.132237568,1189976.95040932,39367.9188356614,13096.7960211373,4721.39693552267,17058.6668604203,28353.2189382056,5661.72042350298,8337.8958057233,70817.6776934988,34519.0747362573,5846430.92253444,26,0,0
"79",2021-06-30,13618109.8319876,545001.550640809,451718.81046492,1183694.24143728,2942363.12449033,701542.207844181,1257711.33714093,40832.8644410443,13611.4121044972,4528.80429430156,17774.7095922463,29553.6877086708,5621.42567319818,8817.36939953177,74062.396779794,36365.7102302289,6305794.51139386,27,0,0
"80",2021-07-07,13580461.5490153,418084.048016563,366594.69056644,1628213.66142607,3429547.58805568,758852.322186841,1658233.44583995,40769.7634421398,10473.0461518571,3667.07834533442,24448.055168363,34398.3282573748,6089.16016738633,11638.6566174912,77471.0703142766,41467.7766077461,6416562.43580395,28,0,0
"81",2021-07-14,11565216.5052895,446909.26260752,326463.031064173,1350001.27161944,2772860.5985338,752220.870257477,1472643.40512386,34710.1619993441,11197.0949307122,3265.45487929875,20272.5439572313,27814.9915006164,6026.79357169342,10317.8136317736,71826.2414285995,38043.21256744,6132903.17937636,29,0,0
"82",2021-07-21,8878223.11365509,485342.882062129,272954.151727816,979051.418543938,1897277.94583797,743378.934351657,1225190.0175024,26630.6934089499,12162.4933025189,2729.95692458452,14705.1956757222,19037.2091582719,5943.63811076955,8556.68965081691,64299.8029143633,33477.1271803651,5768859.02506012,30,0,0
"83",2021-07-28,10453778.7769479,373642.679800016,453221.470269383,1102799.99506623,2190193.53005877,806825.854821918,1176783.5727894,31347.2731328487,9305.29767455416,4535.64868817471,16563.580374689,21949.8373193575,6484.46699474399,8290.50280352239,61919.4590580163,33357.2377807601,6020098.1720495,31,0,0
"84",2021-08-04,11084001.042265,328962.598895171,525328.397686009,1152299.42567515,2307359.76374709,832204.623010022,1157420.9949042,33233.9050224082,8162.41942336826,5257.92539361078,17306.9342542757,23114.8885837917,6700.79854833376,8184.02806460458,60967.3215154776,33309.282020918,5792606.49938625,32,0,0
"85",2021-08-11,12224356.7128038,391022.156020134,297982.072222395,1103612.31515199,2622395.23882986,712554.718792456,1092471.41634874,36335.1316013238,9730.79790836639,2983.23521754005,16573.4796665798,26266.2901726972,5687.15208779297,7707.38470595508,73290.245763124,37995.4421147583,5996154.0276166,33,0,0
"86",2021-08-18,13324806.0307027,398002.276346774,340868.367311718,1147053.97029127,2701877.54623575,734019.649071866,1120041.04160426,39735.6242899465,9914.33644016709,3412.97554795809,17230.4265690938,27042.1361906591,5865.20312807388,7878.99031920787,73912.8103585253,37384.1498317924,5742206.19278347,34,0,0
"87",2021-08-25,16075929.3254501,415452.577163371,448084.105035027,1255658.10813945,2900583.31475045,787681.974770391,1188965.10474305,48236.8560115034,10373.1827696688,4487.32637400317,18872.7938253787,28981.7512355639,6310.33072877617,8308.00435233983,75469.2218470286,35855.9191243777,6366167.89342932,35,0,1
"88",2021-09-01,11735021.4925344,404878.285560786,314011.458093462,1067492.93670424,2254067.10623138,639190.414203626,953100.076463269,35210.5331848403,10078.549409129,3144.16414911846,16039.4529241654,22561.9618513858,5121.97706418823,6663.14886952426,59089.5044033476,28397.0727569426,6249389.97214547,36,0,1
"89",2021-09-08,8479340.61784759,396947.566858848,213456.972887288,926369.058127838,1769179.94984208,527821.743778552,776201.305253434,25440.791064843,9857.57438872418,2136.79248045492,13914.4472482553,17747.1198132523,4230.71181574726,5429.50725741259,46804.7163205869,22802.9379813662,6205498.6329416,37,0,0
"90",2021-09-15,11376456.9976482,350470.100448811,356393.743840565,1201184.55727383,2181827.85080214,510256.167794907,994908.549058954,34021.3108371363,8800.85431698078,3567.49845011806,18038.7929836581,21916.4823376525,4090.8640046765,6984.30398891561,67741.1227034142,32816.6022222564,6469614.92001771,38,0,0
"91",2021-09-22,12530139.4057168,355991.460666422,380292.79426617,1307447.36590708,2382369.87757182,547335.615599755,1099571.9383855,37495.625818566,8966.01911223823,3806.87352969945,19633.420691605,23921.7905820356,4392.45155631529,7728.0203191417,70336.6965150656,34360.8588872842,5791790.9457269,39,0,0
"92",2021-09-29,16555117.4743277,435597.088382125,380750.32586652,1670208.71856057,3172974.13722987,787377.87841249,1508845.03053928,49760.995934851,11013.7279555264,3812.41803752464,25076.8412038834,31784.2775239343,6341.82467721884,10635.5215689952,64973.7330021471,33612.7346365609,6127142.31460881,40,0,0
"93",2021-10-06,14212742.6274532,349957.292088983,353239.950901999,1354781.37844551,2693029.19220449,636942.246899397,1343922.53761619,42683.808483856,8816.85870559778,3537.87074082601,20347.7496799709,26985.8774181678,5121.21482898145,9455.59855132728,58597.0166959645,30232.2732617145,6429414.60435313,41,0,0
"94",2021-10-13,11089576.1649539,235770.89703146,316559.450949303,934211.591625433,2053102.59883732,436361.40488194,1124025.8803854,33247.5585491959,5887.699705693,3171.80767856115,14042.2943147542,20588.010610479,3493.73503133161,7882.36786110342,50094.7282877212,25724.991428586,6180291.0450975,42,0,0
"95",2021-10-20,9854329.77209963,266813.2119834,388427.90248744,798136.111289888,1855717.0953272,515494.778693913,940197.562129889,29614.9078336445,6664.48705394802,3890.64029225708,11987.5375230947,18579.0472035272,4130.82293561903,6622.53728922907,50810.4443608664,26433.109701226,6633682.78517556,43,0,0
"96",2021-10-27,9360231.21495793,279230.137964177,417175.283102695,743705.91915567,1776762.89392315,547148.128218702,866666.234827684,28161.847547424,6975.20199325002,4178.17333773545,11165.6348064309,17775.4618407465,4385.658097334,6118.60506047933,51096.7307901245,26716.3570102821,6371475.23843893,44,0,0
"97",2021-11-03,10003758.0438217,313366.573755069,348444.671961501,1074032.08752328,2124317.19724351,564527.659451361,1219163.92363507,30111.9036932144,7825.02313429909,3493.85429102592,16120.2996714473,21305.1072718498,4512.87898134974,8559.30445980413,83430.740089429,44332.7881599622,7314965.58903494,45,1,0
"98",2021-11-10,10829544.2439613,340884.047764345,331549.962866238,1088483.16130728,2153677.64837248,574685.353145116,1262027.77542884,32589.3361494186,8529.75847805593,3325.89106245926,16343.7560155234,21611.3364156296,4602.80725158513,8849.32262315194,78087.7065835264,40796.2310555326,7168889.93234054,46,0,0
"99",2021-11-17,12894009.7443104,409677.732787534,289313.190128082,1124610.84576726,2227078.7761949,600079.587379504,1369187.40491326,38782.9172899291,10291.596837448,2905.98299104261,16902.3968757137,22376.9092750792,4827.62792717359,9574.36803152146,64730.1228187701,31954.8382944587,6740048.04810879,47,0,0
"100",2021-11-24,10774375.7128249,343562.152317974,411439.998538366,1185836.1282764,2101048.9323924,649912.722265526,1280180.20222413,32347.0131946422,8561.88035805148,4127.72852654949,17812.2196311534,21053.7817287802,5220.6742555431,8962.95187330181,64197.3835988409,33613.0403797698,6206877.95395704,48,0,0
"101",2021-12-01,9184650.18921079,293975.466965805,503035.104846079,1231755.09015825,2006526.54954053,687287.573430042,1213424.80020728,27520.0851231771,7264.59299850407,5044.03767817964,18494.5866977331,20061.436069056,5515.45900182023,8504.38975463708,63797.829183894,34856.6919437531,6490460.89230128,49,0,0
"102",2021-12-08,8757515.70884262,414843.164851494,409441.614608773,1160951.73447707,1907960.19434462,700762.797073268,990442.679772014,26368.6578481345,10442.4970813663,4093.87638858449,17439.2160304979,19091.2681261926,5642.31382378892,6924.63866398872,61243.06808095,31088.3090051713,6554026.01846533,50,0,1
"103",2021-12-15,8826947.23199412,433107.648616228,380101.315013885,1131687.17169678,1896416.66534426,683342.651277242,986655.282149952,26562.7391990847,10895.7578432956,3798.64658886576,17000.0719433752,18982.2840750364,5500.14759736226,6901.23427956128,60424.1783498309,30437.7661073097,6624980.75476812,51,0,0
"104",2021-12-22,9670670.85127132,421826.853318943,297653.007681864,1026903.15069624,1925721.84653799,565346.55285786,1186913.01685284,28878.6545798285,10437.4183320092,2977.42908014855,15420.5780878739,19298.5477109624,4520.29541683355,8340.55906364498,58065.6010660605,30302.891658722,6768126.0536129,52,0,0
"105",2021-12-29,10315932.3876933,496906.303971234,311623.631716706,1061507.17985361,2235095.25653437,699579.085611879,1250846.45484378,30815.0119643306,12401.5300919498,3120.70085890928,15944.7648536483,22409.7576288589,5591.33875916053,8780.79575025351,72318.635310338,38344.5216270457,7124478.48563188,53,0,0
"106",2022-01-05,11176281.1029227,597012.23817429,330251.13042983,1107645.88539677,2647593.13652954,878555.79595057,1336091.03883169,33396.8218103335,15020.3457718706,3311.72989725693,16643.6805413476,26558.0375193876,7019.39654892983,9367.77799906489,91322.6809693747,49066.694918144,6841939.16937032,2,0,0
"107",2022-01-12,10449285.292182,533985.401380475,386548.732857244,1167807.04712738,2366509.12102105,732302.897934502,1190831.09417013,31220.2825496277,13398.6677343602,3868.22602845569,17538.6599286968,23709.553205916,5870.17682706919,8391.23818613074,85479.27596578,40949.4779408843,8140998.85824272,3,1,0
"108",2022-01-19,10158486.9678857,508774.666662949,409067.773828209,1191871.51181962,2254075.51481765,673801.738728076,1132727.11630551,30349.6668453454,12749.996519356,4090.82448093519,17896.6516836365,22570.1594805274,5410.48893832494,8000.62226095709,83141.9139643422,37702.5911499804,7206004.6163994,4,0,0
"109",2022-01-26,10585323.11101,339088.922832749,398559.572040377,1054977.82459693,2106371.61023035,502675.73708507,1069202.15228343,31597.7598355923,8472.9518860018,3993.92566609538,15834.3093449056,21134.5539731364,4021.79400574357,7533.6772280832,56901.798866709,30400.4342155494,7122871.73441899,5,0,0
"110",2022-02-02,10633342.3034995,380968.968091788,402594.787274582,1096970.07065008,2304781.23206556,603639.766181576,1112539.09625339,31725.4841823711,9493.15816213644,4031.55275862383,16469.1051942769,23125.9664378407,4826.73552182867,7832.5226629284,61435.0229679136,32601.6577984832,6799960.40935887,6,0,0
"111",2022-02-09,10753390.2847233,485669.081239384,412682.825360095,1201950.68578297,2800805.28665359,856049.838922842,1220881.4561783,32044.7950493182,12043.6738524731,4125.62048994497,18056.0948177053,28104.4975996016,6839.08931204142,8579.63625004138,72768.0832209252,38104.7167558177,7114262.25181366,7,0,0
"112",2022-02-16,9785563.62901567,462344.60649352,401348.695247302,1061772.09156157,2589828.66721709,687934.054379793,1131995.42642331,29262.4493350307,11523.1973440473,4016.00095920553,15948.6144563918,25978.3894584806,5503.92088199157,7957.29338328208,65462.4876783098,33861.7268965545,7890956.19138895,8,0,1
"113",2022-02-23,9059693.63723492,444851.250434123,392848.097662708,956638.145895526,2431596.20263972,561847.215972506,1065330.90410707,27175.6900493151,11132.8399627281,3933.78631115095,14368.0041854067,24383.8083526399,4502.54455945418,7490.5362332126,59983.2910213483,30679.4845021072,7052142.32725951,9,0,0
"114",2022-03-02,9017522.81382897,363718.752337111,373283.156089327,1083093.5726159,2409845.70695682,751157.518380124,1156598.93945016,27063.6710048765,9107.86662788491,3739.57129903405,16270.5322519456,24221.8228989886,6016.95243405601,8123.56741389275,61493.5392223902,30955.4701307372,7764482.70106584,10,0,0
"115",2022-03-09,9062131.24775364,339679.078815032,359130.455178393,1112098.75368582,2369045.99401466,777623.185657313,1136020.32286834,27202.8433323463,8496.82803605257,3597.43925454369,16706.9042414194,23818.7148581078,6231.33120863183,7977.43436173711,60805.5260603874,31039.9048075739,7083560.32546363,11,0,0
"116",2022-03-16,9371952.67470762,276573.535779564,293779.191286171,1159674.413385,2145998.21204458,747106.886912827,921280.588034326,28149.8963416031,6855.56981990165,2938.86199971842,17422.6081117234,21562.0520664744,6003.19598148493,6467.60486812313,55167.1988873285,31270.5272399642,7107207.37027605,12,0,0
"117",2022-03-23,11265429.9089875,362667.614063027,299011.698972488,1266265.26001118,2283642.051729,673862.427737312,1002396.78743769,33748.7147481434,9001.81192952048,2993.93990764076,19023.0768770744,22958.0127414562,5414.35723582651,7045.24850359125,54734.72892116,29431.0589461636,7120483.63031517,13,0,0
"118",2022-03-30,13790066.2213606,477459.718440979,305988.375887577,1408386.38884609,2467167.17130822,576203.148836626,1110551.71997552,41213.8059568637,11863.4680756789,3067.37711820388,21157.0352308758,24819.2936414318,4629.23890828196,7815.44001754875,54158.1022996021,26978.4345544294,7146415.16730194,14,0,0
"119",2022-04-06,10061394.0435873,336918.552631498,341066.280893841,1286972.93286524,2270441.19114609,617354.921558841,1187350.64596093,30102.7094523915,8326.3681353985,3413.37627098113,19329.7042096238,22754.7745599922,4934.76072207264,8344.87527717481,61899.1335887461,32022.0554736107,7445111.43732676,15,0,0
"120",2022-04-13,8569925.17247796,280702.086307706,355097.442896347,1238407.5504729,2191750.79908124,633815.630647727,1218070.2163551,25658.2708506027,6911.52815928634,3551.77593209203,18598.771801123,21928.9669274164,5056.96944758892,8556.64938102523,64995.5461044037,34039.5038412832,7301335.08224813,16,0,0
"121",2022-04-20,11151426.6496347,364878.003554057,400699.613682734,1315186.96330741,2733611.49850659,802866.013679385,1333224.60900901,33316.796708492,9103.7953819679,4014.92104710816,19766.6423383527,27287.2757119164,6442.23721094837,9398.22034051976,55881.196224531,28216.8112489886,7863358.32984647,17,0,0
"122",2022-04-27,10984713.3346057,374114.906242845,417624.502761558,1274423.89107218,2484077.13118594,742682.950284947,1203467.6250921,32882.5432704985,9307.76469303332,4185.24450159967,19149.0641830797,24807.003901065,5962.04839611055,8476.90936342888,53598.0329965287,27173.6719109171,7808565.70850454,18,0,0
"123",2022-05-04,10567930.0470333,397207.162964817,459936.725458618,1172516.21048412,1860241.21288431,592225.291798853,879075.165299801,31796.9096755145,9817.68797069686,4611.05313782845,17605.1187948973,18606.3243739366,4761.576359016,6173.63192070168,47890.124926523,24565.8235657382,8310529.50939518,19,0,0
"124",2022-05-11,13434685.6079403,371655.535061159,514723.959610071,1354911.92838108,2301900.02009826,775836.058230333,1288336.2390106,40523.5862045173,9300.26178215791,5156.12113960598,20348.1386381912,23070.5201392623,6207.50848997227,9056.76044847122,61917.8567948526,31402.7665331477,7424983.14561465,20,0,0
"125",2022-05-18,15584752.2786206,352491.814133415,555814.385223661,1491708.71680379,2633144.12550872,913544.133053943,1595282.04429369,47068.5936012693,8912.1921407537,5564.92214093912,22405.4035206617,26418.6669632566,7291.95758818947,11219.1068442984,72438.6556960999,36530.4737587048,8298171.4603343,21,0,0
"126",2022-05-25,10570381.4042643,282277.822833111,440029.951771528,1004040.62627799,2025455.66263168,595353.244509512,975901.70781365,31787.18755512,7067.63580073687,4401.9879603838,15095.2680372073,20354.1375709041,4768.55432310348,6860.3729523541,59905.6978882932,31372.120463198,7684402.18085189,22,0,0
"127",2022-06-01,10081020.38506,284900.826865293,421268.815456069,940104.046949852,1977697.25275624,570700.112321615,899729.134389825,30283.1800666821,7111.61047222048,4213.05769262609,14134.2444625844,19858.1255730944,4577.45264886616,6325.34275652653,57367.6669758947,30219.8085103351,7362664.8543092,23,0,0
"128",2022-06-08,12159225.1441906,370852.842358689,424486.431015447,1044152.66150682,2298835.25638066,740972.207738663,1062074.03032692,36540.5411822038,9220.01484113894,4242.41026663513,15678.2384983016,22946.5829785888,5954.2458685282,7473.89547350541,54672.4393093108,28464.2900886649,7480909.36287441,24,0,0
"129",2022-06-15,11813172.9592126,364286.350790491,472640.875695893,1040209.91373679,2326322.68087283,657446.244012849,1070914.62346668,35506.5814547559,9106.3200472207,4732.38701969639,15623.6344970919,23265.2538521057,5275.12327368614,7530.40909893545,61509.3298471983,32297.213589856,7703653.02520055,25,1,0
"130",2022-06-22,11351770.0459086,355531.02869956,536846.801936489,1034952.91671009,2362972.58019574,546078.292378431,1082702.08098636,34127.9684848255,8954.72698866305,5385.6893571114,15550.8291621457,23690.1483501283,4369.62648056339,7605.76059950885,70625.1838977149,37407.7782581109,7081995.75460514,26,0,0
"131",2022-06-29,11740633.0834798,284137.566005658,413615.884833505,1037362.15209914,2322199.38406971,662418.907932748,1055287.38460095,35263.8224962282,7146.58614090219,4140.22170734826,15591.1250895428,23278.1262123558,5320.12487701389,7406.0760145426,53360.8400789783,27198.0157111683,7166849.07069101,27,0,0
"132",2022-07-06,11896178.2985084,255580.180928098,364323.517992311,1038325.84625476,2305890.1056193,708955.154154474,1044321.50604679,35718.1641007892,6423.32980179785,3642.03464744301,15607.2434605016,23113.3173572467,5700.32423559409,7326.2021805561,46455.1025514836,23114.1106923912,7181269.58473764,28,0,0
"133",2022-07-13,10780957.5821806,291163.239203087,421308.993014115,945178.799027078,1924235.39672128,528331.93470408,970088.496022866,32368.1892458273,7283.43675735355,4213.44564201042,14189.0589155059,19409.4462285373,4226.58908714628,6802.76742911312,60456.1875812693,31110.3871385126,7288363.28730061,29,0,0
"134",2022-07-20,12082372.9580678,336568.419394398,444144.753450392,971997.783997981,2113698.87396122,609475.352115032,1092781.91880224,36238.6127709997,8428.73818987651,4443.49199551608,14592.1818583347,21252.2228723523,4883.26022021434,7667.52998942979,61268.6762815388,32342.2357551172,8093130.49969346,30,0,0
"135",2022-07-27,15335911.3977861,450081.369872675,501234.154541084,1039045.24642524,2587357.56706107,812333.895642411,1399515.47575066,45914.6715839308,11291.9917711839,5018.60787928022,15599.9892154066,25859.1644818899,6524.9380528845,9829.43639022147,63299.8980322128,35421.8572966285,7785372.94124324,31,0,0
"136",2022-08-03,12995646.1657974,400787.881109737,423043.036901407,1089126.61630455,2444099.46599873,802746.89942578,1369930.53478866,38985.1005602923,10069.6462086033,4233.63195222303,16358.5658073336,24472.7191834407,6442.07471829292,9642.69351587028,63859.2790303228,35234.2621524072,7913945.20717651,32,0,0
"137",2022-08-10,11240447.2418058,363817.764537533,364399.698671649,1126687.64371403,2336655.89020197,795556.652263307,1347741.82906716,33787.9222925634,9152.88703666793,3644.90000693013,16927.4982512789,23432.8852096039,6379.92721734923,9502.63636010688,64278.8147789054,35093.5657942413,7424973.99062408,33,0,0
"138",2022-08-17,14692060.7589215,356997.080316432,393565.783366115,1093001.76966477,2874628.79578988,921482.002780663,1345946.94032524,44026.6210771201,8965.73770743852,3944.04892572642,16413.6870321252,28787.1155281068,7367.92560528536,9442.49434493031,59083.5754017158,32083.1303710092,8475916.16234981,34,0,0
"139",2022-08-24,14400531.9454411,356193.389332071,391752.169753803,1052326.32257353,2863514.79664919,888995.900219896,1301019.24447657,43146.8911801718,8939.9115119856,3925.81867431562,15800.8937187994,28671.4579028906,7107.40647307071,9121.36901515173,59815.2573550805,32486.2169919602,8627659.77821849,35,0,1
"140",2022-08-31,9199745.54744282,358191.927647007,351704.403385471,841959.514075307,2258857.89621716,568153.934337936,1033247.95812649,27629.8130139252,8972.10366849748,3517.28824705459,12637.9450579978,22623.2818330907,4556.29329184671,7254.75905165683,69400.5884524582,37915.1721408984,7250969.2863611,36,0,1
"141",2022-09-07,11092672.3720074,366012.477530017,361189.825333138,1049785.94256433,2312479.40206095,563476.401934889,1041835.13256444,33339.7245449554,9207.01191564272,3613.17555859885,15777.169606618,23178.6576837622,4518.08170920665,7299.79616159217,68818.9131302574,36731.4835601429,7269776.13499154,37,0,0
"142",2022-09-14,13616574.8047602,376439.877374032,373837.054596693,1326887.84721637,2383974.743186,557239.692064159,1053284.6984817,40952.9399196624,9520.22291183637,3741.02530732452,19962.8023381116,23919.158817991,4467.13293235324,7359.84564150595,68043.3460339895,35153.2321191355,7579849.80883454,38,0,0
"143",2022-09-21,14050754.9623062,456579.368391595,459988.052192428,1395097.98436233,2473194.64142607,584670.354277274,1257938.14108147,42148.5203973193,11391.9760268097,4601.92081813753,20966.3309792523,24813.9468670831,4689.64111825219,8820.64511157288,62246.2656942256,31681.6433044779,7376894.19609197,39,0,0
"144",2022-09-28,14224427.0253246,488635.16479862,494448.451230722,1422382.03922072,2508882.6007221,595642.619162521,1339799.51812138,42626.752588382,12140.6772727991,4946.27902246274,21367.7424357085,25171.8620867199,4778.64439261177,9404.96489959965,59927.43355832,30293.0077786149,7711121.35851761,40,0,0
"145",2022-10-05,11850558.9463235,424402.330003064,348220.540579875,1370421.02572725,2427993.30333369,842390.690405211,1117787.69535509,35790.7621629765,10650.8599359204,3489.17910474052,20593.1206943858,24333.8005935462,6748.13439274663,7784.50401656131,92798.365429097,43819.2361815679,7723429.48584141,41,0,0
"146",2022-10-12,10998630.6077294,372772.831196153,350106.861921626,1247696.44508827,2299110.46341893,781330.754040833,1140406.93375529,33210.753847641,9337.57266784114,3506.92396402707,18748.9700515356,23047.5440187476,6259.31499169449,7961.61943740289,85907.4013247527,41889.4216053006,7427321.64572182,42,0,0
"147",2022-10-19,8868809.76124405,243699.084178875,354822.665276002,940884.993490809,1976903.363632,628680.913129889,1196955.02975581,26760.7330593024,6054.3544976429,3551.28611224345,14138.59344441,19831.9025817509,5037.26648906413,8404.40798950683,68679.9910638919,37064.8851646323,7300487.25524389,43,0,0
"148",2022-10-26,9540750.57031072,292932.598918994,419394.844025069,873004.534658384,2082318.48940939,659872.291411832,1075159.35172771,28720.3983027217,7288.2506393728,4199.52614177477,13120.0435733967,20863.6728731882,5301.77123456892,7548.59898158837,64398.3161966766,34162.7187532565,7563341.86455614,44,0,0
"149",2022-11-02,10044706.1771107,329857.734974083,467823.978086869,822094.190534065,2161379.83374244,683265.825123289,983812.593206642,30190.1472352861,8213.67274567022,4685.70616392326,12356.1311701368,21637.5005917661,5500.14979369751,6906.74222564953,61187.0600462652,31986.0939447246,7584529.65983411,45,1,0
"150",2022-11-09,14042620.5085395,462175.374116362,513745.184276809,1113009.52315524,2343944.41952268,649475.085220838,1111373.03355749,42275.2462578858,11596.7993115882,5142.41066414376,16728.7242734294,23461.2847342306,5224.16079541392,7788.50691341273,62814.3927281129,33025.3268010858,7806501.26189111,46,0,0
"151",2022-11-16,14129623.67713,458629.8214179,506233.240109506,1169902.89971178,2378863.15336491,627721.801290842,1118886.71788106,42552.851230308,11519.1949086754,5065.53227895408,17580.2915619642,23820.1405048861,5046.46053970482,7837.16395476365,66356.482400855,34593.8855040214,7658684.59170973,47,0,0
"152",2022-11-23,10653728.3572442,305038.866084854,415240.368915751,1220347.82642986,2405810.97063803,530992.837613315,1036408.38347159,32133.3820422413,7670.44192528061,4147.55746759549,18317.1021898806,24149.4909863548,4256.2480037338,7247.34151510598,85981.6877554599,42966.0048652731,7918735.59870916,48,0,0
"153",2022-11-30,10634249.5764018,326718.069441981,383403.679649157,1177048.93512253,2163754.98644554,599170.888284453,997505.546172515,32007.8718670335,8190.67557826481,3834.11100342033,17668.4966326079,21731.0085463538,4803.40960400329,6987.13489274348,68058.133184184,34523.8297793409,7974317.22396024,49,0,0
"154",2022-12-07,10608277.868612,355623.673918151,340954.760627031,1119317.08004611,1841013.67418888,690074.955845972,945635.096440409,31840.5249667566,8884.32044891043,3416.18238452011,16803.6892229111,18506.3652930193,5532.95840436261,6640.19272959348,44160.0604224828,23267.5963314313,7819960.66788452,50,0,1
"155",2022-12-14,10922114.5250169,476865.713220476,353303.189249456,1146559.16430149,2252534.54633039,647158.472536612,1322475.96772919,32663.2328592098,11925.2207078464,3536.40082991774,17213.3107914065,22610.4540719071,5189.37265280714,9277.19717546512,76164.9184909044,38973.3880601538,7670782.78769263,51,0,0
"156",2022-12-21,11047649.1875788,525362.528941407,358242.560698426,1157455.99800365,2417142.895187,629991.879212868,1473212.3162447,32992.3160161911,13141.5808114207,3584.48820807679,17377.1594188047,24252.0895834622,5051.93835218496,10331.9989538138,88966.861718273,45255.7047516428,7721954.88887651,52,0,0
"157",2022-12-28,13827453.2746247,576372.707293433,541069.200729353,1334593.86882912,2408535.88699108,707151.897253377,1105826.57202648,41341.1984960403,14272.6983711201,5420.79691949404,20032.6839266461,24219.0553580532,5663.76271803117,7752.17730992538,66005.7239207484,32098.8369130502,8472003.02920402,53,0,0
"158",2023-01-04,14203392.3036495,551182.323601652,541044.759147055,1328384.28928291,2763779.95025,721006.884618988,1198282.34765285,42429.6836799853,13686.2828146429,5419.60304669151,19939.079272741,27751.2828348799,5778.83597136001,8407.21729831091,75107.0419336483,37548.2336580745,8547852.55161907,2,0,0
"159",2023-01-11,15143239.8762115,488206.3643722,540983.65519131,1312860.34041738,3651890.10839732,755644.353033017,1429421.78671877,45150.8966398476,12220.2439234497,5416.61836468517,19705.067637978,36581.8515269466,6066.51910468211,10044.8172692747,97860.3369658982,51171.725520635,9125808.4991676,3,1,0
"160",2023-01-18,11995330.6940081,395351.411179647,469599.612865959,1160600.94274663,2938412.59222645,708582.796172724,1171099.20226717,35758.9909836963,9849.84001928611,4704.0763985896,17416.1593654509,29452.4972116914,5672.61290340276,8223.56092199154,89890.6661165299,46204.1385425048,7944075.5226083,4,0,0
"161",2023-01-25,9634398.80735549,325710.196285233,416061.581121945,1046406.39449356,2403304.4550983,673286.628527504,977357.263928471,28715.0617415828,8072.03709116342,4169.66992401792,15699.4781610555,24105.48147525,5377.18325244325,6857.61866152914,83913.4129795037,42478.448308907,8884150.92458804,5,0,0
"162",2023-02-01,9143288.06502077,314120.372154987,365689.904638934,825001.549917837,2097410.94513478,534148.172887507,895520.338938981,27344.7776276125,7816.66453273271,3666.81232234837,12385.1731415313,21091.7922701154,4277.93079678838,6289.78290031739,51884.0732721149,25056.6778874175,8264522.1554993,6,0,0
"163",2023-02-08,9586479.54761516,339269.226947898,372233.575144054,817631.046993841,2105905.30598339,546928.082589431,913654.79720127,28676.6911380438,8469.24625839041,3730.99290893629,12278.1120586831,21171.4245258876,4380.2069587176,6415.03953989497,45786.2823767117,21976.4676956206,8152057.38184564,7,0,0
"164",2023-02-15,12736739.1855163,501752.179835609,461867.274657791,994812.874025587,2462764.98103857,762745.996440975,1104298.47176449,38038.4563146018,12640.1091707673,4618.93403013334,14950.0505811179,24662.9072656555,6093.11638594775,7734.41513857218,41228.8767116813,20916.9769663285,8621028.11353191,8,0,1
"165",2023-02-22,12194511.9666789,417000.121100441,446736.183450935,1152577.98346008,2413754.4251166,785797.93877988,1242448.62303784,36425.9822767462,10496.4116155792,4468.11434671061,17319.7427617531,24210.5888868589,6287.14145516169,8706.81132927129,53478.3061524381,27646.2451137322,9104752.19641549,9,0,0
"166",2023-03-01,11471542.3415624,303997.376120217,426561.395175127,1362931.46270607,2348407.01722064,816533.861898421,1426648.82473563,34276.0168929387,7638.14820866181,4267.0214354803,20479.3323359334,23607.4977151302,6545.84154744694,10003.3395835368,69810.8787401138,36618.6026436039,8671111.10603644,10,0,0
"167",2023-03-08,12809903.527075,323344.622873997,447655.593865649,1444163.07720843,2712667.43132357,635118.893549968,1436523.72547629,38292.5457089456,8090.1359108751,4476.60521825403,21683.5495352559,27248.0466552787,5104.61772398521,10060.5896357321,63654.047571772,32922.3571920476,8728043.17077406,11,0,0
"168",2023-03-15,13345248.0012801,331083.521575508,456093.273341858,1476655.72300938,2858371.59696475,562552.906210587,1440473.68577256,39899.1572353484,8270.93099176041,4560.43873136351,22165.2364149849,28704.2662313381,4528.12819460051,10083.4896566103,61191.3151044352,31443.8590114252,8145407.67633158,12,0,0
"169",2023-03-22,9922235.08779697,322885.376603646,462896.555445803,1306858.12492929,2250729.75971013,855724.258716968,1055892.90581968,29814.4158237209,8063.13584816668,4627.54149103049,19634.6128046371,22566.9775296552,6884.78640276453,7412.4792023323,92281.3775615211,45328.3757491035,9199663.36633909,13,0,0
"170",2023-03-29,10818121.2625388,372149.620520533,435746.121372203,1267946.25536231,2409741.51587214,868175.185199366,1182339.40714537,32495.2646117343,9303.96841703534,4357.4975271392,19049.7318003289,24184.6661353775,6977.86297766774,8301.51315735551,85020.0757614388,42620.6796592932,9365422.24736907,14,0,0
"171",2023-04-05,13057836.6993933,495310.230312749,367870.036188204,1170666.58144484,2807270.90627718,899302.501405362,1498455.6604596,39197.386581768,12406.049839207,3682.38761741099,17587.5292895584,28228.8876496831,7210.55441492576,10524.0980449135,66866.8212612331,35851.4394347675,8784859.52931729,15,0,0
"172",2023-04-12,10991308.8108476,383257.413019381,385240.969753762,1273019.730584,2597504.62362201,876230.304885813,1295963.37256775,33083.8665931345,9614.66640119382,3855.28305070025,19116.7830117561,26101.7875652529,7042.32193406177,9118.53489528907,75303.1346272595,37590.9181860298,8788166.06772589,16,0,0
"173",2023-04-19,9441412.89443823,299217.800049355,398269.16992793,1349784.59243837,2440179.91163063,858926.157496151,1144094.15664886,28498.7266016594,7521.12882268396,3984.9546256672,20263.7233034043,24506.4625019302,6916.14757341377,8064.36253307073,81630.3696517793,38895.5272494766,8543221.11492034,17,0,0
"174",2023-04-26,8497711.61394004,445687.553962419,288490.554495708,974573.517676038,2409565.49511545,724354.494394943,1044382.26002471,25436.437826261,11103.7395051089,2887.46965133858,14641.6002091077,24165.6515043158,5811.55734875929,7337.0913075176,69662.6754111648,34714.5014925949,7811188.52397955,18,0,0
"175",2023-05-03,8217136.18956203,463206.940875376,279087.969408193,890109.607301745,2329206.88755358,679833.601961679,1014561.30709716,24548.4025792984,11548.2580620623,2793.56678920557,13374.9436179203,23357.4004929448,5451.361707963,7120.33438947576,66285.1284073622,33479.2209838049,8582645.65533558,19,0,0
"176",2023-05-10,7477384.92379214,421853.508440055,332451.074315327,758537.219818325,1877669.65869752,547279.910463307,935347.486156015,22282.4798729209,10632.7587213577,3327.63459073616,11397.1271650926,18848.7054223337,4394.7780878397,6547.06410677785,57987.5406251611,30248.5636879467,8740455.59979167,20,0,0
"177",2023-05-17,8794366.37783641,415583.013643244,438457.056420916,902163.119140952,2068840.43506643,672936.509181583,1071957.73421497,26339.7564821447,10487.7129635768,4387.83261828231,13552.0695728593,20786.3089175201,5407.5087900552,7509.42668132284,66865.2439276452,35274.1783816081,8881743.66411362,21,0,0
"178",2023-05-24,10550341.6498954,407222.353914164,579798.365895035,1093664.31823779,2323734.80355831,840478.640805951,1254104.73162691,31749.4586277764,10294.3186198689,5801.42998834384,16425.3261165481,23369.7802444354,6757.8163930092,8792.57678071615,78702.1816642906,41974.9979731567,9314979.87304125,22,0,0
"179",2023-05-31,9351165.82589446,328518.897761602,518286.461304696,1249494.41062557,2156630.18275869,768452.470007988,1036133.95575198,28208.1591915645,8264.96522391913,5181.09577582166,18762.9384627367,21665.5218279461,6172.48782947038,7270.34540775602,75752.724020022,39775.8698234498,8728438.69620894,23,0,0
"180",2023-06-07,8871495.49629407,297037.515300578,493681.699468561,1311826.44758069,2089788.33443885,739642.001688803,948945.645402006,26791.6394170797,7453.22386553921,4932.96209081278,19697.9834012122,20983.8184613504,5938.35640405486,6661.45285857196,74572.9409623145,38896.218563567,8413558.43769366,24,0,0
"181",2023-06-14,12888387.1040499,520565.304444215,611159.991728813,1089256.02971109,2705416.39821135,656814.402758859,1468769.68351757,38593.1707119621,12966.0337175922,6112.78026341358,16369.7006594267,27018.0027811338,5269.50822018056,10308.8026018116,75229.7737866301,39466.6499042471,10369982.2330886,25,1,0
"182",2023-06-21,13408324.4975484,489837.364678988,594748.961067619,1089008.13178072,2785373.67486892,676521.105752479,1418366.15594475,40215.5052643304,12220.346234178,5949.65368580708,16361.3966570568,27820.8772912967,5424.48174943384,9949.74909252099,69546.3014106545,36578.6683254566,9124523.91571514,26,0,0
"183",2023-06-28,14708167.9812946,413017.515265922,553721.384414635,1088388.38695481,2985266.86651284,725787.863236529,1292357.3370127,44271.3416452514,10356.1275256425,5541.83724179083,16340.636651132,29828.0635667039,5811.91557256705,9052.11531929453,55337.6204707156,29358.7143784805,9146293.65031442,27,0,0
"184",2023-07-05,12857687.0993149,448220.010743229,408081.218025168,976150.850280248,2516119.74166598,657097.771670701,1209911.30228908,38625.4370943871,11266.5834931681,4084.40272737465,14661.3625761276,25170.2760205609,5270.28518413896,8499.43501073495,52841.994668574,25926.7779709173,9250282.67930825,28,0,0
"185",2023-07-12,11469826.4378302,474621.88235121,298851.093233068,891972.697774326,2164259.39803084,605580.20299633,1148076.77624636,34391.0086812388,11949.4254688123,2991.32684156252,13401.9070198743,21676.9353609536,4864.06239281789,8084.92477931526,50970.2753169677,23352.8256652448,8769418.79990307,29,0,0
"186",2023-07-19,13448038.384646,394756.444907953,323380.362698075,944385.613479047,2253024.88933341,763087.667356668,1341965.82155476,40247.591420595,9957.88828943069,3235.31706359562,14183.9131791126,22685.0824955398,6125.86244140251,9422.83419379204,60187.4895487766,32139.1411807633,9199009.99016772,30,0,0
"187",2023-07-26,13127824.891922,373778.034916102,340256.468543153,931779.958294367,2218268.93349516,754443.787179076,1319109.23111524,39310.8030642883,9436.60945312657,3404.23701922415,13993.9136124671,22335.289728804,6055.12096731464,9256.51200479122,62702.4575042598,33887.7653371781,8816198.84979419,31,0,0
"188",2023-08-02,9228331.98876249,327773.012408248,416983.834148617,803733.111481567,1920967.70716311,545073.041753187,988080.643169753,27833.4901870918,8300.47361468345,4173.76653096227,12071.9100533561,19228.3859938033,4368.87207420285,6920.66945630949,68575.0510053505,35593.1947601487,8593794.10785371,32,0,0
"189",2023-08-09,10156878.9939414,303699.268802518,443843.007054586,942780.627062816,1896934.58932116,532019.203737917,964349.164565701,30600.7884910271,7663.71058665462,4442.51167584377,14162.1643619841,19004.1009403213,4257.65356934304,6754.91623140002,63686.263800279,34092.7172302506,8663502.8549971,33,0,0
"190",2023-08-16,11394941.6675133,271600.943994878,479655.237595879,1128177.31450448,1864890.43219855,514614.086384222,932707.193093631,34290.5195629407,6814.69321594951,4800.83853568577,16949.1701068213,18705.0542023453,4109.36222952996,6533.91193152073,57167.8808601838,32092.0805237199,8338216.70793976,34,0,0
"191",2023-08-23,11448092.1495762,447360.004832142,440854.964398055,1085088.8065037,2363959.43051432,594598.220623631,1224799.63935078,34409.3069694181,11262.2780145111,4414.40162405509,16298.1328531444,23691.0117532654,4769.54018994728,8597.37789924716,54265.832484104,28806.3617956272,9292252.36843121,35,0,1
"192",2023-08-30,11469352.3424014,517663.629167047,425334.855118926,1067853.40330339,2563587.02984063,626591.874319395,1341636.61785365,34456.8219320091,13041.3119339357,4259.82685940281,16037.7179516737,25685.3947736335,5033.61137411421,9422.76428633773,53105.0131336722,27492.0743043902,9154174.04025869,36,0,1
"193",2023-09-06,14548017.4989827,447284.800803358,512309.043348673,1049025.74265333,2904653.05705159,893692.336090329,1391771.73880958,43632.8817974272,11102.722081927,5129.13490001241,15747.2072840554,29024.0937787378,7174.51026895915,9804.48774869576,55942.8465602661,30603.7508501335,8974102.1360262,37,0,0
"194",2023-09-13,14499813.3105337,479717.61305203,538859.200176196,1251460.23723875,2907963.73561661,836392.644588483,1420432.97346082,43558.6042581089,11959.9297056989,5394.88738787396,18793.0931395964,29064.6988966024,6708.87845261985,9986.34030000903,64298.3189042687,34261.0938519116,9696308.0746996,38,0,0
"195",2023-09-20,14379302.8394114,560799.643673709,605234.592245003,1757546.47370232,2916240.43202917,693143.415833867,1492086.06008893,43372.9104098132,14102.9487651286,6059.26860752782,26407.8077784491,29166.2116912638,5544.79891177159,10440.9716782922,85186.9997642752,43404.4513563569,9026758.02170007,39,0,0
"196",2023-09-27,13209528.074402,479166.487392153,453950.370672374,1382951.08191405,2672925.26567118,601953.420359424,1224890.93806811,39781.090994571,12079.066171465,4540.52876303899,20767.1126409815,26732.9359573224,4829.76104730803,8596.53592676487,59196.8405486794,30403.6764349996,8814822.66167241,40,0,0
"197",2023-10-04,12332197.000645,417941.620180985,340487.204492902,1102004.53807286,2490438.89090269,533560.923753591,1024494.5965525,37087.2264331394,10561.1542262172,3401.47387967236,16536.5912878808,24907.9791568663,4293.48264896037,7213.20911311937,39704.2211369826,20653.0952439816,8450189.79413343,41,0,0
"198",2023-10-11,8823951.59527139,248825.417742073,277093.854301646,786563.62688687,1944104.21146088,534160.00270735,959135.896118211,26380.3995242894,6228.75698278659,2773.45424030595,11808.8071595755,19454.4673542661,4288.23480131534,6722.6203276301,62244.6118345331,30725.8346105919,8805705.58632638,42,0,0
"199",2023-10-18,8819521.02990837,239504.804250343,294473.332456574,784641.014007231,1901430.73081128,578495.480777251,995684.358280779,26337.6013962004,5982.64149902907,2949.20304492163,11780.2872155532,19033.2226502859,4640.31259039954,6973.7426758308,66173.4490489889,32757.4725607867,8821701.42337578,43,0,0
"200",2023-10-25,12301183.0431039,352697.325738878,462143.551577398,1088546.24791538,2191724.52635555,843909.270242895,1280333.83169047,36787.6395365158,8838.34583991459,4631.71551198217,16336.9516797248,21959.2662290047,6758.02717254975,8971.06555052431,67206.0816381733,34874.5608953449,9216279.37237417,44,0,0
"201",2023-11-01,12910562.4898015,431549.221274895,417513.898775434,1186477.06398673,2316189.69334612,819213.261831002,1281562.5422216,38859.7030331439,10847.6323184282,4178.43915202026,17814.9966355649,23208.3858380399,6562.17051865153,8999.14710719162,58639.3540762638,30300.5381084468,9720053.77280654,45,1,0
"202",2023-11-08,13723068.4187317,536685.081989583,358007.695039482,1317051.4854152,2482143.24933353,786285.250615144,1283200.82292978,41622.4543619814,13526.6809564464,3574.07067207106,19785.7232433517,24873.8786500868,6301.0283134539,9036.58918274804,47217.0506603846,24201.8410592494,9253444.59639748,46,0,0
"203",2023-11-15,11694779.3882064,380921.120835207,496746.624580921,1194102.54794199,2432589.73291723,678895.745309258,1324222.06932973,35098.092440383,9553.70302055368,4967.36054189897,17922.2429003586,24381.477372038,5440.80798060787,9291.68674578934,88545.5283057064,44763.893973339,9326249.9443072,47,0,0
"204",2023-11-22,10883463.7759963,318615.536373457,552242.196397496,1144922.97295271,2412768.32635071,635939.943186904,1340630.56788971,32488.3476717436,7964.51184619658,5524.67648983014,17176.8507631613,24184.5168608185,5096.71984746945,9393.72577100587,105076.919363835,52988.7151389748,9275471.17143898,48,0,0
"205",2023-11-29,10383382.3593365,274096.92570589,408566.679669041,1246798.21618248,2146905.75567965,725962.376384926,1282329.38435606,31082.0243815053,6898.7129406096,4088.33988521845,18722.6155101368,21530.089055708,5815.67677708496,8991.74905196806,67255.3204208156,36338.0776315579,8659382.62547398,49,0,0
"206",2023-12-06,10854367.1567222,293680.89098371,441110.358414986,1223555.9981886,2298667.88559976,680039.93239543,1221485.58412251,32538.6572870466,7400.2462736693,4415.49509179961,18373.381960847,23073.7274020549,5450.04622385541,8565.9506071675,65198.8127079254,35081.1806916977,9477693.104148,50,0,1
"207",2023-12-13,12031829.1501866,342640.804178263,522469.55527985,1165450.45320388,2678073.21040004,565233.822421688,1069376.08353863,36180.2395508997,8654.07960631856,5233.38310825252,17500.2980876226,26932.823267922,4535.96984078153,7501.45449516611,60057.5434256998,31938.9383420472,9101083.60050344,51,0,0
"208",2023-12-20,5156498.20722282,146846.058933541,223915.523691364,499478.765658807,1147745.66160002,242243.066752152,458304.035802272,15505.8169503856,3708.89125985081,2242.87847496536,7500.12775183826,11542.6385433952,1943.98707462066,3214.9090693569,25738.9471824428,13688.116432306,8661785.16236966,52,0,0
